9ea37f9c-a831-4dbf-b2cc-b5b04f26f0da,1595265966341,85,85,85
9ea37f9c-a831-4dbf-b2cc-b5b04f26f0da,1595266086074,85,85,85
9ea37f9c-a831-4dbf-b2cc-b5b04f26f0da,1595266206021,85,85,85
9ea37f9c-a831-4dbf-b2cc-b5b04f26f0da,1595266328891,85,85,85
9ea37f9c-a831-4dbf-b2cc-b5b04f26f0da,1595266446212,85,85,85
9ea37f9c-a831-4dbf-b2cc-b5b04f26f0da,1595266566253,85,85,85
9ea37f9c-a831-4dbf-b2cc-b5b04f26f0da,1595266685997,85,85,85
9ea37f9c-a831-4dbf-b2cc-b5b04f26f0da,1595266806431,85,85,85
9ea37f9c-a831-4dbf-b2cc-b5b04f26f0da,1595266926075,85,85,85
9ea37f9c-a831-4dbf-b2cc-b5b04f26f0da,1595267046054,85,85,85
9ea37f9c-a831-4dbf-b2cc-b5b04f26f0da,1595267166004,80,85,85
9ea37f9c-a831-4dbf-b2cc-b5b04f26f0da,1595267286161,80,83,85
9ea37f9c-a831-4dbf-b2cc-b5b04f26f0da,1595267406155,80,83,84
9ea37f9c-a831-4dbf-b2cc-b5b04f26f0da,1595267526095,80,83,84
9ea37f9c-a831-4dbf-b2cc-b5b04f26f0da,1595267646083,83,84,85
9ea37f9c-a831-4dbf-b2cc-b5b04f26f0da,1595267766177,83,84,85
9ea37f9c-a831-4dbf-b2cc-b5b04f26f0da,1595267886328,84,84,85
9ea37f9c-a831-4dbf-b2cc-b5b04f26f0da,1595268006677,84,85,85
9ea37f9c-a831-4dbf-b2cc-b5b04f26f0da,1595268126203,84,85,85
9ea37f9c-a831-4dbf-b2cc-b5b04f26f0da,1595268246793,81,84,85
9ea37f9c-a831-4dbf-b2cc-b5b04f26f0da,1595268366392,81,85,90
9ea37f9c-a831-4dbf-b2cc-b5b04f26f0da,1595268486777,85,90,90
9ea37f9c-a831-4dbf-b2cc-b5b04f26f0da,1595268606631,85,90,90
9ea37f9c-a831-4dbf-b2cc-b5b04f26f0da,1595268726293,85,90,90
9ea37f9c-a831-4dbf-b2cc-b5b04f26f0da,1595268846589,84,84,85
9ea37f9c-a831-4dbf-b2cc-b5b04f26f0da,1595268966507,90,90,90
9ea37f9c-a831-4dbf-b2cc-b5b04f26f0da,1595269086405,85,90,90
9ea37f9c-a831-4dbf-b2cc-b5b04f26f0da,1595269206866,85,90,90
9ea37f9c-a831-4dbf-b2cc-b5b04f26f0da,1595269326080,90,90,90
9ea37f9c-a831-4dbf-b2cc-b5b04f26f0da,1595269446018,90,90,90
9ea37f9c-a831-4dbf-b2cc-b5b04f26f0da,1595269566436,90,90,90
9ea37f9c-a831-4dbf-b2cc-b5b04f26f0da,1595269685899,90,90,90
9ea37f9c-a831-4dbf-b2cc-b5b04f26f0da,1595269806357,90,90,95
9ea37f9c-a831-4dbf-b2cc-b5b04f26f0da,1595269926339,90,90,95
9ea37f9c-a831-4dbf-b2cc-b5b04f26f0da,1595270046018,90,90,95
9ea37f9c-a831-4dbf-b2cc-b5b04f26f0da,1595270166893,90,90,95
9ea37f9c-a831-4dbf-b2cc-b5b04f26f0da,1595270286769,90,90,90
9ea37f9c-a831-4dbf-b2cc-b5b04f26f0da,1595270406178,90,90,90
9ea37f9c-a831-4dbf-b2cc-b5b04f26f0da,1595270526917,90,90,90
9ea37f9c-a831-4dbf-b2cc-b5b04f26f0da,1595270646699,90,90,90
9ea37f9c-a831-4dbf-b2cc-b5b04f26f0da,1595270766478,80,90,90
9ea37f9c-a831-4dbf-b2cc-b5b04f26f0da,1595270886833,90,90,90
9ea37f9c-a831-4dbf-b2cc-b5b04f26f0da,1595271006478,80,80,85
9ea37f9c-a831-4dbf-b2cc-b5b04f26f0da,1595271126267,80,85,90
9ea37f9c-a831-4dbf-b2cc-b5b04f26f0da,1595271246428,85,85,90
9ea37f9c-a831-4dbf-b2cc-b5b04f26f0da,1595271366982,80,85,85
9ea37f9c-a831-4dbf-b2cc-b5b04f26f0da,1595271487072,80,85,90
9ea37f9c-a831-4dbf-b2cc-b5b04f26f0da,1595271606781,85,90,90
9ea37f9c-a831-4dbf-b2cc-b5b04f26f0da,1595271727317,85,90,90
9ea37f9c-a831-4dbf-b2cc-b5b04f26f0da,1595271846944,85,90,90
9ea37f9c-a831-4dbf-b2cc-b5b04f26f0da,1595271966558,90,90,90
9ea37f9c-a831-4dbf-b2cc-b5b04f26f0da,1595272086457,85,90,90
9ea37f9c-a831-4dbf-b2cc-b5b04f26f0da,1595272207209,75,80,90
9ea37f9c-a831-4dbf-b2cc-b5b04f26f0da,1595272326401,90,90,90
9ea37f9c-a831-4dbf-b2cc-b5b04f26f0da,1595272446858,70,90,90
9ea37f9c-a831-4dbf-b2cc-b5b04f26f0da,1595272566554,70,70,90
9ea37f9c-a831-4dbf-b2cc-b5b04f26f0da,1595272686353,70,70,85
9ea37f9c-a831-4dbf-b2cc-b5b04f26f0da,1595272806318,70,85,90
9ea37f9c-a831-4dbf-b2cc-b5b04f26f0da,1595272926522,90,90,90
9ea37f9c-a831-4dbf-b2cc-b5b04f26f0da,1595273046992,90,90,90
9ea37f9c-a831-4dbf-b2cc-b5b04f26f0da,1595273167568,90,90,90
9ea37f9c-a831-4dbf-b2cc-b5b04f26f0da,1595273286957,90,90,95
9ea37f9c-a831-4dbf-b2cc-b5b04f26f0da,1595273407502,89,90,90
9ea37f9c-a831-4dbf-b2cc-b5b04f26f0da,1595273526604,89,90,95
SMFzbDiWjcc8zXMeVQoDoc1WobTLwYqC,1595273528741,99,100,100
9ea37f9c-a831-4dbf-b2cc-b5b04f26f0da,1595273645865,89,90,95
SMFzbDiWjcc8zXMeVQoDoc1WobTLwYqC,1595273647842,99,100,100
9ea37f9c-a831-4dbf-b2cc-b5b04f26f0da,1595273766644,89,90,90
SMFzbDiWjcc8zXMeVQoDoc1WobTLwYqC,1595273769178,99,100,100
9ea37f9c-a831-4dbf-b2cc-b5b04f26f0da,1595273886689,89,90,90
SMFzbDiWjcc8zXMeVQoDoc1WobTLwYqC,1595273888785,99,100,100
9ea37f9c-a831-4dbf-b2cc-b5b04f26f0da,1595274006275,89,90,90
SMFzbDiWjcc8zXMeVQoDoc1WobTLwYqC,1595274008239,99,100,100
9ea37f9c-a831-4dbf-b2cc-b5b04f26f0da,1595274125930,89,90,90
SMFzbDiWjcc8zXMeVQoDoc1WobTLwYqC,1595274127977,99,100,100
9ea37f9c-a831-4dbf-b2cc-b5b04f26f0da,1595274245910,89,90,90
SMFzbDiWjcc8zXMeVQoDoc1WobTLwYqC,1595274247989,100,100,100
9ea37f9c-a831-4dbf-b2cc-b5b04f26f0da,1595274516639,89,90,90
SMFzbDiWjcc8zXMeVQoDoc1WobTLwYqC,1595274518672,100,100,100
9ea37f9c-a831-4dbf-b2cc-b5b04f26f0da,1595274757294,80,89,90
SMFzbDiWjcc8zXMeVQoDoc1WobTLwYqC,1595274759374,100,100,100
9ea37f9c-a831-4dbf-b2cc-b5b04f26f0da,1595274846404,80,89,90
SMFzbDiWjcc8zXMeVQoDoc1WobTLwYqC,1595274848457,100,100,100
9ea37f9c-a831-4dbf-b2cc-b5b04f26f0da,1595274875957,80,89,90
SMFzbDiWjcc8zXMeVQoDoc1WobTLwYqC,1595274877966,100,100,100
9ea37f9c-a831-4dbf-b2cc-b5b04f26f0da,1595274935951,80,89,90
SMFzbDiWjcc8zXMeVQoDoc1WobTLwYqC,1595274937985,100,100,100
9ea37f9c-a831-4dbf-b2cc-b5b04f26f0da,1595274996703,80,89,90
SMFzbDiWjcc8zXMeVQoDoc1WobTLwYqC,1595274998746,100,100,100
9ea37f9c-a831-4dbf-b2cc-b5b04f26f0da,1595275086126,80,90,90
SMFzbDiWjcc8zXMeVQoDoc1WobTLwYqC,1595275088196,100,100,100
NWdnyYM1Qte1CNWYWjmgJpSGDWTjpH1q,1595275596498,1085.7,1085.7,1099.8
9ea37f9c-a831-4dbf-b2cc-b5b04f26f0da,1595275598529,85,85,90
SMFzbDiWjcc8zXMeVQoDoc1WobTLwYqC,1595275600493,90,100,100
NWdnyYM1Qte1CNWYWjmgJpSGDWTjpH1q,1595275655646,1085.7,1085.7,1085.7
9ea37f9c-a831-4dbf-b2cc-b5b04f26f0da,1595275657594,85,85,90
SMFzbDiWjcc8zXMeVQoDoc1WobTLwYqC,1595275659512,90,100,100
NWdnyYM1Qte1CNWYWjmgJpSGDWTjpH1q,1595275685851,1085.7,1085.7,1085.7
9ea37f9c-a831-4dbf-b2cc-b5b04f26f0da,1595275687837,85,85,90
SMFzbDiWjcc8zXMeVQoDoc1WobTLwYqC,1595275689754,90,100,100
NWdnyYM1Qte1CNWYWjmgJpSGDWTjpH1q,1595275715947,1085.7,1085.7,1085.7
SMFzbDiWjcc8zXMeVQoDoc1WobTLwYqC,1595275718233,90,100,100
NWdnyYM1Qte1CNWYWjmgJpSGDWTjpH1q,1595275745787,1093.4,1093.4,1093.4
SMFzbDiWjcc8zXMeVQoDoc1WobTLwYqC,1595275747793,100,100,100
9ea37f9c-a831-4dbf-b2cc-b5b04f26f0da,1595275749699,75,80,85
NWdnyYM1Qte1CNWYWjmgJpSGDWTjpH1q,1595275775680,1093.4,1093.4,1093.4
SMFzbDiWjcc8zXMeVQoDoc1WobTLwYqC,1595275777473,100,100,100
9ea37f9c-a831-4dbf-b2cc-b5b04f26f0da,1595275779370,75,80,85
NWdnyYM1Qte1CNWYWjmgJpSGDWTjpH1q,1595275805871,1093.4,1093.4,1093.4
SMFzbDiWjcc8zXMeVQoDoc1WobTLwYqC,1595275807843,100,100,100
9ea37f9c-a831-4dbf-b2cc-b5b04f26f0da,1595275809782,75,80,85
NWdnyYM1Qte1CNWYWjmgJpSGDWTjpH1q,1595275835681,1093.4,1093.4,1093.4
SMFzbDiWjcc8zXMeVQoDoc1WobTLwYqC,1595275837702,100,100,100
9ea37f9c-a831-4dbf-b2cc-b5b04f26f0da,1595275839632,75,80,80
NWdnyYM1Qte1CNWYWjmgJpSGDWTjpH1q,1595275865701,1093.4,1093.4,1093.4
SMFzbDiWjcc8zXMeVQoDoc1WobTLwYqC,1595275867710,100,100,100
9ea37f9c-a831-4dbf-b2cc-b5b04f26f0da,1595275869631,75,80,80
NWdnyYM1Qte1CNWYWjmgJpSGDWTjpH1q,1595275895719,1093.4,1093.4,1093.4
SMFzbDiWjcc8zXMeVQoDoc1WobTLwYqC,1595275897744,100,100,100
9ea37f9c-a831-4dbf-b2cc-b5b04f26f0da,1595275899668,75,80,80
NWdnyYM1Qte1CNWYWjmgJpSGDWTjpH1q,1595275955903,1093.4,1093.4,1093.4
SMFzbDiWjcc8zXMeVQoDoc1WobTLwYqC,1595275957873,100,100,100
9ea37f9c-a831-4dbf-b2cc-b5b04f26f0da,1595275959765,75,80,80
NWdnyYM1Qte1CNWYWjmgJpSGDWTjpH1q,1595276076148,1065,1093.4,1093.4
SMFzbDiWjcc8zXMeVQoDoc1WobTLwYqC,1595276078090,95,100,100
9ea37f9c-a831-4dbf-b2cc-b5b04f26f0da,1595276079982,75,80,80
NWdnyYM1Qte1CNWYWjmgJpSGDWTjpH1q,1595276105865,1065,1093.4,1093.4
SMFzbDiWjcc8zXMeVQoDoc1WobTLwYqC,1595276107970,95,100,100
9ea37f9c-a831-4dbf-b2cc-b5b04f26f0da,1595276109927,80,80,85
NWdnyYM1Qte1CNWYWjmgJpSGDWTjpH1q,1595276135800,1065,1093.4,1093.4
SMFzbDiWjcc8zXMeVQoDoc1WobTLwYqC,1595276137730,95,100,100
9ea37f9c-a831-4dbf-b2cc-b5b04f26f0da,1595276139636,80,80,85
NWdnyYM1Qte1CNWYWjmgJpSGDWTjpH1q,1595276165866,1065,1093.4,1093.4
SMFzbDiWjcc8zXMeVQoDoc1WobTLwYqC,1595276167902,95,100,100
9ea37f9c-a831-4dbf-b2cc-b5b04f26f0da,1595276169883,80,85,85
NWdnyYM1Qte1CNWYWjmgJpSGDWTjpH1q,1595276195654,1065,1093.4,1093.4
SMFzbDiWjcc8zXMeVQoDoc1WobTLwYqC,1595276197612,95,100,100
9ea37f9c-a831-4dbf-b2cc-b5b04f26f0da,1595276199529,85,85,89
NWdnyYM1Qte1CNWYWjmgJpSGDWTjpH1q,1595276226710,1065,1093.4,1093.4
SMFzbDiWjcc8zXMeVQoDoc1WobTLwYqC,1595276228700,95,100,100
9ea37f9c-a831-4dbf-b2cc-b5b04f26f0da,1595276230594,85,90,90
NWdnyYM1Qte1CNWYWjmgJpSGDWTjpH1q,1595276255939,1065,1065,1093.4
SMFzbDiWjcc8zXMeVQoDoc1WobTLwYqC,1595276257895,95,100,100
9ea37f9c-a831-4dbf-b2cc-b5b04f26f0da,1595276259843,85,90,90
NWdnyYM1Qte1CNWYWjmgJpSGDWTjpH1q,1595276285758,1065,1065,1093.4
SMFzbDiWjcc8zXMeVQoDoc1WobTLwYqC,1595276287784,95,100,100
9ea37f9c-a831-4dbf-b2cc-b5b04f26f0da,1595276289782,85,90,90
NWdnyYM1Qte1CNWYWjmgJpSGDWTjpH1q,1595276315664,1065,1065,1093.4
SMFzbDiWjcc8zXMeVQoDoc1WobTLwYqC,1595276317640,95,100,100
9ea37f9c-a831-4dbf-b2cc-b5b04f26f0da,1595276319530,85,90,90
NWdnyYM1Qte1CNWYWjmgJpSGDWTjpH1q,1595276346315,1065,1065,1093.4
SMFzbDiWjcc8zXMeVQoDoc1WobTLwYqC,1595276348261,95,100,100
9ea37f9c-a831-4dbf-b2cc-b5b04f26f0da,1595276350178,80,85,90
SMFzbDiWjcc8zXMeVQoDoc1WobTLwYqC,1595276375875,95,100,100
9ea37f9c-a831-4dbf-b2cc-b5b04f26f0da,1595276377847,80,90,90
NWdnyYM1Qte1CNWYWjmgJpSGDWTjpH1q,1595276379754,1065,1065,1093.4
SMFzbDiWjcc8zXMeVQoDoc1WobTLwYqC,1595276405918,95,100,100
9ea37f9c-a831-4dbf-b2cc-b5b04f26f0da,1595276407915,80,90,90
NWdnyYM1Qte1CNWYWjmgJpSGDWTjpH1q,1595276409793,1065,1065,1079.2
SMFzbDiWjcc8zXMeVQoDoc1WobTLwYqC,1595276435884,95,100,100
9ea37f9c-a831-4dbf-b2cc-b5b04f26f0da,1595276437819,80,85,90
NWdnyYM1Qte1CNWYWjmgJpSGDWTjpH1q,1595276439657,1065,1079.2,1093.4
SMFzbDiWjcc8zXMeVQoDoc1WobTLwYqC,1595276466655,100,100,100
9ea37f9c-a831-4dbf-b2cc-b5b04f26f0da,1595276468457,80,85,90
NWdnyYM1Qte1CNWYWjmgJpSGDWTjpH1q,1595276470324,1065,1079.2,1093.4
SMFzbDiWjcc8zXMeVQoDoc1WobTLwYqC,1595276496138,100,100,100
9ea37f9c-a831-4dbf-b2cc-b5b04f26f0da,1595276498151,80,80,80
NWdnyYM1Qte1CNWYWjmgJpSGDWTjpH1q,1595276500044,1079.2,1093.4,1093.4
SMFzbDiWjcc8zXMeVQoDoc1WobTLwYqC,1595276526560,100,100,100
9ea37f9c-a831-4dbf-b2cc-b5b04f26f0da,1595276528537,80,80,80
NWdnyYM1Qte1CNWYWjmgJpSGDWTjpH1q,1595276530404,1079.2,1093.4,1093.4
SMFzbDiWjcc8zXMeVQoDoc1WobTLwYqC,1595276556269,100,100,100
9ea37f9c-a831-4dbf-b2cc-b5b04f26f0da,1595276558719,80,80,80
NWdnyYM1Qte1CNWYWjmgJpSGDWTjpH1q,1595276560639,1079.2,1093.4,1093.4
SMFzbDiWjcc8zXMeVQoDoc1WobTLwYqC,1595276585908,100,100,100
9ea37f9c-a831-4dbf-b2cc-b5b04f26f0da,1595276587870,80,80,80
NWdnyYM1Qte1CNWYWjmgJpSGDWTjpH1q,1595276589741,1079.2,1093.4,1093.4
SMFzbDiWjcc8zXMeVQoDoc1WobTLwYqC,1595276615670,100,100,100
9ea37f9c-a831-4dbf-b2cc-b5b04f26f0da,1595276617684,80,80,80
NWdnyYM1Qte1CNWYWjmgJpSGDWTjpH1q,1595276619553,1065,1079.2,1093.4
SMFzbDiWjcc8zXMeVQoDoc1WobTLwYqC,1595276645879,100,100,100
9ea37f9c-a831-4dbf-b2cc-b5b04f26f0da,1595276647838,80,80,80
NWdnyYM1Qte1CNWYWjmgJpSGDWTjpH1q,1595276649677,1067.25,1067.25,1081.48
SMFzbDiWjcc8zXMeVQoDoc1WobTLwYqC,1595276675780,100,100,100
9ea37f9c-a831-4dbf-b2cc-b5b04f26f0da,1595276677761,80,80,80
NWdnyYM1Qte1CNWYWjmgJpSGDWTjpH1q,1595276679631,1067.25,1067.25,1081.48
SMFzbDiWjcc8zXMeVQoDoc1WobTLwYqC,1595276706119,100,100,100
9ea37f9c-a831-4dbf-b2cc-b5b04f26f0da,1595276708062,80,85,85
NWdnyYM1Qte1CNWYWjmgJpSGDWTjpH1q,1595276709945,1067.25,1067.25,1081.48
SMFzbDiWjcc8zXMeVQoDoc1WobTLwYqC,1595276735937,100,100,100
9ea37f9c-a831-4dbf-b2cc-b5b04f26f0da,1595276737915,85,85,85
NWdnyYM1Qte1CNWYWjmgJpSGDWTjpH1q,1595276739804,1067.25,1067.25,1081.48
SMFzbDiWjcc8zXMeVQoDoc1WobTLwYqC,1595276766036,100,100,100
9ea37f9c-a831-4dbf-b2cc-b5b04f26f0da,1595276767977,85,90,90
NWdnyYM1Qte1CNWYWjmgJpSGDWTjpH1q,1595276769788,1067.25,1067.25,1081.48
SMFzbDiWjcc8zXMeVQoDoc1WobTLwYqC,1595276795698,100,100,100
9ea37f9c-a831-4dbf-b2cc-b5b04f26f0da,1595276797677,85,90,90
NWdnyYM1Qte1CNWYWjmgJpSGDWTjpH1q,1595276799516,1067.25,1067.25,1067.25
SMFzbDiWjcc8zXMeVQoDoc1WobTLwYqC,1595276826253,100,100,100
9ea37f9c-a831-4dbf-b2cc-b5b04f26f0da,1595276828203,85,90,90
NWdnyYM1Qte1CNWYWjmgJpSGDWTjpH1q,1595276830031,1067.25,1067.25,1067.25
SMFzbDiWjcc8zXMeVQoDoc1WobTLwYqC,1595276855852,100,100,100
9ea37f9c-a831-4dbf-b2cc-b5b04f26f0da,1595276857818,78,85,90
NWdnyYM1Qte1CNWYWjmgJpSGDWTjpH1q,1595276859663,1067.25,1067.25,1067.25
SMFzbDiWjcc8zXMeVQoDoc1WobTLwYqC,1595276885995,100,100,100
9ea37f9c-a831-4dbf-b2cc-b5b04f26f0da,1595276887944,78,85,85
NWdnyYM1Qte1CNWYWjmgJpSGDWTjpH1q,1595276889806,1067.25,1067.25,1067.25
SMFzbDiWjcc8zXMeVQoDoc1WobTLwYqC,1595276916473,100,100,100
9ea37f9c-a831-4dbf-b2cc-b5b04f26f0da,1595276918500,78,85,85
NWdnyYM1Qte1CNWYWjmgJpSGDWTjpH1q,1595276920398,1067.25,1067.25,1067.25
SMFzbDiWjcc8zXMeVQoDoc1WobTLwYqC,1595276946265,100,100,100
9ea37f9c-a831-4dbf-b2cc-b5b04f26f0da,1595276948263,78,85,85
NWdnyYM1Qte1CNWYWjmgJpSGDWTjpH1q,1595276950125,1067.25,1067.25,1067.25
SMFzbDiWjcc8zXMeVQoDoc1WobTLwYqC,1595276976166,100,100,100
9ea37f9c-a831-4dbf-b2cc-b5b04f26f0da,1595276978198,78,85,85
NWdnyYM1Qte1CNWYWjmgJpSGDWTjpH1q,1595276980140,1067.25,1067.25,1067.25
SMFzbDiWjcc8zXMeVQoDoc1WobTLwYqC,1595277006150,99,100,100
9ea37f9c-a831-4dbf-b2cc-b5b04f26f0da,1595277008086,78,85,85
NWdnyYM1Qte1CNWYWjmgJpSGDWTjpH1q,1595277009926,1067.25,1067.25,1067.25
SMFzbDiWjcc8zXMeVQoDoc1WobTLwYqC,1595277035753,99,100,100
9ea37f9c-a831-4dbf-b2cc-b5b04f26f0da,1595277037730,78,85,85
NWdnyYM1Qte1CNWYWjmgJpSGDWTjpH1q,1595277039975,1067.25,1067.25,1067.25
SMFzbDiWjcc8zXMeVQoDoc1WobTLwYqC,1595277065868,99,100,100
9ea37f9c-a831-4dbf-b2cc-b5b04f26f0da,1595277067800,78,85,85
NWdnyYM1Qte1CNWYWjmgJpSGDWTjpH1q,1595277069675,1067.25,1067.25,1067.25
SMFzbDiWjcc8zXMeVQoDoc1WobTLwYqC,1595277096016,99,100,100
9ea37f9c-a831-4dbf-b2cc-b5b04f26f0da,1595277098010,78,85,89
NWdnyYM1Qte1CNWYWjmgJpSGDWTjpH1q,1595277099868,1067.25,1067.25,1067.25
SMFzbDiWjcc8zXMeVQoDoc1WobTLwYqC,1595277125910,99,100,100
9ea37f9c-a831-4dbf-b2cc-b5b04f26f0da,1595277127865,85,85,85
NWdnyYM1Qte1CNWYWjmgJpSGDWTjpH1q,1595277129743,1067.25,1067.25,1067.25
SMFzbDiWjcc8zXMeVQoDoc1WobTLwYqC,1595277156440,99,100,100
9ea37f9c-a831-4dbf-b2cc-b5b04f26f0da,1595277158847,85,85,89
NWdnyYM1Qte1CNWYWjmgJpSGDWTjpH1q,1595277160552,1067.25,1067.25,1067.25
SMFzbDiWjcc8zXMeVQoDoc1WobTLwYqC,1595277186311,99,100,100
9ea37f9c-a831-4dbf-b2cc-b5b04f26f0da,1595277188254,85,85,89
NWdnyYM1Qte1CNWYWjmgJpSGDWTjpH1q,1595277190107,1067.25,1067.25,1067.25
SMFzbDiWjcc8zXMeVQoDoc1WobTLwYqC,1595277216308,99,100,100
9ea37f9c-a831-4dbf-b2cc-b5b04f26f0da,1595277218265,85,85,89
NWdnyYM1Qte1CNWYWjmgJpSGDWTjpH1q,1595277220123,1067.25,1067.25,1067.25
SMFzbDiWjcc8zXMeVQoDoc1WobTLwYqC,1595277246583,99,100,100
9ea37f9c-a831-4dbf-b2cc-b5b04f26f0da,1595277248568,85,85,89
NWdnyYM1Qte1CNWYWjmgJpSGDWTjpH1q,1595277250415,1067.25,1067.25,1067.25
SMFzbDiWjcc8zXMeVQoDoc1WobTLwYqC,1595277275700,99,100,100
9ea37f9c-a831-4dbf-b2cc-b5b04f26f0da,1595277277653,85,85,89
NWdnyYM1Qte1CNWYWjmgJpSGDWTjpH1q,1595277279479,1067.25,1067.25,1067.25
SMFzbDiWjcc8zXMeVQoDoc1WobTLwYqC,1595277305710,99,100,100
9ea37f9c-a831-4dbf-b2cc-b5b04f26f0da,1595277307657,85,85,89
NWdnyYM1Qte1CNWYWjmgJpSGDWTjpH1q,1595277309530,1067.25,1067.25,1067.25
SMFzbDiWjcc8zXMeVQoDoc1WobTLwYqC,1595277336329,99,100,100
9ea37f9c-a831-4dbf-b2cc-b5b04f26f0da,1595277338281,85,89,90
NWdnyYM1Qte1CNWYWjmgJpSGDWTjpH1q,1595277340149,1067.25,1067.25,1067.25
SMFzbDiWjcc8zXMeVQoDoc1WobTLwYqC,1595277365967,99,100,100
9ea37f9c-a831-4dbf-b2cc-b5b04f26f0da,1595277367932,85,89,90
NWdnyYM1Qte1CNWYWjmgJpSGDWTjpH1q,1595277369769,1067.25,1067.25,1067.25
SMFzbDiWjcc8zXMeVQoDoc1WobTLwYqC,1595277395756,100,100,100
9ea37f9c-a831-4dbf-b2cc-b5b04f26f0da,1595277397727,85,89,90
NWdnyYM1Qte1CNWYWjmgJpSGDWTjpH1q,1595277399549,1067.25,1067.25,1081.48
SMFzbDiWjcc8zXMeVQoDoc1WobTLwYqC,1595277425799,100,100,100
9ea37f9c-a831-4dbf-b2cc-b5b04f26f0da,1595277427783,85,85,89
NWdnyYM1Qte1CNWYWjmgJpSGDWTjpH1q,1595277429642,1067.25,1067.25,1081.48
SMFzbDiWjcc8zXMeVQoDoc1WobTLwYqC,1595277455759,100,100,100
9ea37f9c-a831-4dbf-b2cc-b5b04f26f0da,1595277457723,85,85,89
NWdnyYM1Qte1CNWYWjmgJpSGDWTjpH1q,1595277459546,1053.0200000000002,1067.25,1067.25
SMFzbDiWjcc8zXMeVQoDoc1WobTLwYqC,1595277486075,100,100,100
9ea37f9c-a831-4dbf-b2cc-b5b04f26f0da,1595277488032,85,85,85
NWdnyYM1Qte1CNWYWjmgJpSGDWTjpH1q,1595277489889,1053.0200000000002,1067.25,1067.25
SMFzbDiWjcc8zXMeVQoDoc1WobTLwYqC,1595277515525,100,100,100
9ea37f9c-a831-4dbf-b2cc-b5b04f26f0da,1595277517445,85,85,85
NWdnyYM1Qte1CNWYWjmgJpSGDWTjpH1q,1595277519289,1053.0200000000002,1067.25,1067.25
SMFzbDiWjcc8zXMeVQoDoc1WobTLwYqC,1595277545680,100,100,100
9ea37f9c-a831-4dbf-b2cc-b5b04f26f0da,1595277547620,85,85,85
NWdnyYM1Qte1CNWYWjmgJpSGDWTjpH1q,1595277549437,1053.0200000000002,1067.25,1067.25
SMFzbDiWjcc8zXMeVQoDoc1WobTLwYqC,1595277576582,100,100,100
9ea37f9c-a831-4dbf-b2cc-b5b04f26f0da,1595277578504,85,85,85
NWdnyYM1Qte1CNWYWjmgJpSGDWTjpH1q,1595277580779,1053.0200000000002,1067.25,1081.48
SMFzbDiWjcc8zXMeVQoDoc1WobTLwYqC,1595277606488,100,100,100
9ea37f9c-a831-4dbf-b2cc-b5b04f26f0da,1595277608469,85,85,85
NWdnyYM1Qte1CNWYWjmgJpSGDWTjpH1q,1595277610416,1053.0200000000002,1067.25,1081.48
SMFzbDiWjcc8zXMeVQoDoc1WobTLwYqC,1595277636370,100,100,100
9ea37f9c-a831-4dbf-b2cc-b5b04f26f0da,1595277638379,85,85,85
NWdnyYM1Qte1CNWYWjmgJpSGDWTjpH1q,1595277640269,1053.0200000000002,1067.25,1081.48
SMFzbDiWjcc8zXMeVQoDoc1WobTLwYqC,1595277665772,100,100,100
9ea37f9c-a831-4dbf-b2cc-b5b04f26f0da,1595277667663,85,85,85
NWdnyYM1Qte1CNWYWjmgJpSGDWTjpH1q,1595277669607,1053.0200000000002,1067.25,1081.48
SMFzbDiWjcc8zXMeVQoDoc1WobTLwYqC,1595277696016,100,100,100
9ea37f9c-a831-4dbf-b2cc-b5b04f26f0da,1595277697986,85,85,85
NWdnyYM1Qte1CNWYWjmgJpSGDWTjpH1q,1595277699877,1038.79,1067.25,1081.48
SMFzbDiWjcc8zXMeVQoDoc1WobTLwYqC,1595277726102,100,100,100
9ea37f9c-a831-4dbf-b2cc-b5b04f26f0da,1595277728117,85,85,85
NWdnyYM1Qte1CNWYWjmgJpSGDWTjpH1q,1595277730106,1038.79,1067.25,1081.48
SMFzbDiWjcc8zXMeVQoDoc1WobTLwYqC,1595277756086,100,100,100
9ea37f9c-a831-4dbf-b2cc-b5b04f26f0da,1595277758150,85,85,85
NWdnyYM1Qte1CNWYWjmgJpSGDWTjpH1q,1595277759995,1038.79,1067.25,1081.48
SMFzbDiWjcc8zXMeVQoDoc1WobTLwYqC,1595277786090,100,100,100
9ea37f9c-a831-4dbf-b2cc-b5b04f26f0da,1595277788002,85,85,85
NWdnyYM1Qte1CNWYWjmgJpSGDWTjpH1q,1595277789847,1038.79,1067.25,1081.48
SMFzbDiWjcc8zXMeVQoDoc1WobTLwYqC,1595277815887,100,100,100
9ea37f9c-a831-4dbf-b2cc-b5b04f26f0da,1595277817816,85,85,85
NWdnyYM1Qte1CNWYWjmgJpSGDWTjpH1q,1595277819674,1038.79,1067.25,1081.48
SMFzbDiWjcc8zXMeVQoDoc1WobTLwYqC,1595277845635,100,100,100
9ea37f9c-a831-4dbf-b2cc-b5b04f26f0da,1595277847562,85,85,85
NWdnyYM1Qte1CNWYWjmgJpSGDWTjpH1q,1595277849370,11,1067.25,1081.48
SMFzbDiWjcc8zXMeVQoDoc1WobTLwYqC,1595277875770,100,100,100
9ea37f9c-a831-4dbf-b2cc-b5b04f26f0da,1595277877758,85,85,85
NWdnyYM1Qte1CNWYWjmgJpSGDWTjpH1q,1595277879619,11,1081.48,1095.71
SMFzbDiWjcc8zXMeVQoDoc1WobTLwYqC,1595277905649,100,100,100
9ea37f9c-a831-4dbf-b2cc-b5b04f26f0da,1595277907637,85,85,85
NWdnyYM1Qte1CNWYWjmgJpSGDWTjpH1q,1595277909538,11,1081.48,1095.71
SMFzbDiWjcc8zXMeVQoDoc1WobTLwYqC,1595277935621,100,100,100
9ea37f9c-a831-4dbf-b2cc-b5b04f26f0da,1595277937560,85,85,85
NWdnyYM1Qte1CNWYWjmgJpSGDWTjpH1q,1595277939358,11,1081.48,1095.71
SMFzbDiWjcc8zXMeVQoDoc1WobTLwYqC,1595277965919,100,100,100
9ea37f9c-a831-4dbf-b2cc-b5b04f26f0da,1595277967921,85,85,85
NWdnyYM1Qte1CNWYWjmgJpSGDWTjpH1q,1595277969787,11,1081.48,1095.71
SMFzbDiWjcc8zXMeVQoDoc1WobTLwYqC,1595277995769,100,100,100
9ea37f9c-a831-4dbf-b2cc-b5b04f26f0da,1595277997732,85,85,85
NWdnyYM1Qte1CNWYWjmgJpSGDWTjpH1q,1595277999604,1081.48,1095.71,1095.71
SMFzbDiWjcc8zXMeVQoDoc1WobTLwYqC,1595324345738,95,100,100
9ea37f9c-a831-4dbf-b2cc-b5b04f26f0da,1595324347738,85,90,90
NWdnyYM1Qte1CNWYWjmgJpSGDWTjpH1q,1595324349659,1104.48,1104.48,1104.48
SMFzbDiWjcc8zXMeVQoDoc1WobTLwYqC,1595324417515,95,100,100
9ea37f9c-a831-4dbf-b2cc-b5b04f26f0da,1595324419606,90,90,90
NWdnyYM1Qte1CNWYWjmgJpSGDWTjpH1q,1595324421488,1104.48,1104.48,1104.48
SMFzbDiWjcc8zXMeVQoDoc1WobTLwYqC,1595324466086,95,100,100
9ea37f9c-a831-4dbf-b2cc-b5b04f26f0da,1595324468359,90,90,90
NWdnyYM1Qte1CNWYWjmgJpSGDWTjpH1q,1595324470526,1104.48,1104.48,1104.48
SMFzbDiWjcc8zXMeVQoDoc1WobTLwYqC,1595324525896,95,100,100
9ea37f9c-a831-4dbf-b2cc-b5b04f26f0da,1595324527991,80,90,90
NWdnyYM1Qte1CNWYWjmgJpSGDWTjpH1q,1595324529962,1104.48,1104.48,1104.48
SMFzbDiWjcc8zXMeVQoDoc1WobTLwYqC,1595324586162,95,100,100
9ea37f9c-a831-4dbf-b2cc-b5b04f26f0da,1595324588125,80,90,90
NWdnyYM1Qte1CNWYWjmgJpSGDWTjpH1q,1595324590020,1090.32,1104.48,1104.48
SMFzbDiWjcc8zXMeVQoDoc1WobTLwYqC,1595324646425,95,100,100
NWdnyYM1Qte1CNWYWjmgJpSGDWTjpH1q,1595324648398,1090.32,1104.48,1104.48
9ea37f9c-a831-4dbf-b2cc-b5b04f26f0da,1595324650358,80,80,85
SMFzbDiWjcc8zXMeVQoDoc1WobTLwYqC,1595324706006,100,100,100
NWdnyYM1Qte1CNWYWjmgJpSGDWTjpH1q,1595324707912,1090.32,1104.48,1104.48
9ea37f9c-a831-4dbf-b2cc-b5b04f26f0da,1595324709820,80,80,85
SMFzbDiWjcc8zXMeVQoDoc1WobTLwYqC,1595324765905,100,100,100
NWdnyYM1Qte1CNWYWjmgJpSGDWTjpH1q,1595324767919,1090.32,1104.48,1104.48
9ea37f9c-a831-4dbf-b2cc-b5b04f26f0da,1595324769837,80,80,85
SMFzbDiWjcc8zXMeVQoDoc1WobTLwYqC,1595324825788,100,100,100
NWdnyYM1Qte1CNWYWjmgJpSGDWTjpH1q,1595324827742,1062,1104.48,1104.48
9ea37f9c-a831-4dbf-b2cc-b5b04f26f0da,1595324829745,80,85,90
SMFzbDiWjcc8zXMeVQoDoc1WobTLwYqC,1595324885899,100,100,100
NWdnyYM1Qte1CNWYWjmgJpSGDWTjpH1q,1595324887801,1062,1104.48,1104.48
9ea37f9c-a831-4dbf-b2cc-b5b04f26f0da,1595324889701,90,90,90
SMFzbDiWjcc8zXMeVQoDoc1WobTLwYqC,1595324945792,99,100,100
NWdnyYM1Qte1CNWYWjmgJpSGDWTjpH1q,1595324947699,1061.25,1103.7,1103.7
9ea37f9c-a831-4dbf-b2cc-b5b04f26f0da,1595324949690,90,90,90
SMFzbDiWjcc8zXMeVQoDoc1WobTLwYqC,1595325005925,99,100,100
NWdnyYM1Qte1CNWYWjmgJpSGDWTjpH1q,1595325007854,1103.7,1103.7,1117.8500000000001
9ea37f9c-a831-4dbf-b2cc-b5b04f26f0da,1595325010205,90,90,90
SMFzbDiWjcc8zXMeVQoDoc1WobTLwYqC,1595325065757,99,100,100
NWdnyYM1Qte1CNWYWjmgJpSGDWTjpH1q,1595325067731,8,1103.7,1103.7
9ea37f9c-a831-4dbf-b2cc-b5b04f26f0da,1595325069740,90,90,90
SMFzbDiWjcc8zXMeVQoDoc1WobTLwYqC,1595325126254,99,100,100
NWdnyYM1Qte1CNWYWjmgJpSGDWTjpH1q,1595325128144,8,1061.25,1103.7
9ea37f9c-a831-4dbf-b2cc-b5b04f26f0da,1595325130013,90,90,90
SMFzbDiWjcc8zXMeVQoDoc1WobTLwYqC,1595325185764,100,100,100
NWdnyYM1Qte1CNWYWjmgJpSGDWTjpH1q,1595325187687,1061.25,1103.7,1103.7
9ea37f9c-a831-4dbf-b2cc-b5b04f26f0da,1595325189680,80,90,90
SMFzbDiWjcc8zXMeVQoDoc1WobTLwYqC,1595325246745,100,100,100
NWdnyYM1Qte1CNWYWjmgJpSGDWTjpH1q,1595325248667,1103.7,1103.7,1117.8500000000001
9ea37f9c-a831-4dbf-b2cc-b5b04f26f0da,1595325250740,80,90,90
SMFzbDiWjcc8zXMeVQoDoc1WobTLwYqC,1595325305825,100,100,100
NWdnyYM1Qte1CNWYWjmgJpSGDWTjpH1q,1595325307616,1103.7,1103.7,1117.8500000000001
9ea37f9c-a831-4dbf-b2cc-b5b04f26f0da,1595325309587,80,90,90
SMFzbDiWjcc8zXMeVQoDoc1WobTLwYqC,1595325366358,100,100,100
NWdnyYM1Qte1CNWYWjmgJpSGDWTjpH1q,1595325368294,1103.7,1103.7,1117.8500000000001
9ea37f9c-a831-4dbf-b2cc-b5b04f26f0da,1595325370207,80,90,90
SMFzbDiWjcc8zXMeVQoDoc1WobTLwYqC,1595325427082,100,100,100
NWdnyYM1Qte1CNWYWjmgJpSGDWTjpH1q,1595325429097,1103.7,1103.7,1103.7
9ea37f9c-a831-4dbf-b2cc-b5b04f26f0da,1595325431044,80,90,90
SMFzbDiWjcc8zXMeVQoDoc1WobTLwYqC,1595325487149,100,100,100
NWdnyYM1Qte1CNWYWjmgJpSGDWTjpH1q,1595325489086,1103.7,1103.7,1103.7
9ea37f9c-a831-4dbf-b2cc-b5b04f26f0da,1595325490986,80,89,90
SMFzbDiWjcc8zXMeVQoDoc1WobTLwYqC,1595325545711,100,100,100
NWdnyYM1Qte1CNWYWjmgJpSGDWTjpH1q,1595325547657,1103.7,1103.7,1103.7
9ea37f9c-a831-4dbf-b2cc-b5b04f26f0da,1595325549616,88,89,90
SMFzbDiWjcc8zXMeVQoDoc1WobTLwYqC,1595325606098,100,100,100
NWdnyYM1Qte1CNWYWjmgJpSGDWTjpH1q,1595325608060,1103.7,1103.7,1103.7
9ea37f9c-a831-4dbf-b2cc-b5b04f26f0da,1595325610044,89,90,90
SMFzbDiWjcc8zXMeVQoDoc1WobTLwYqC,1595325666289,100,100,100
NWdnyYM1Qte1CNWYWjmgJpSGDWTjpH1q,1595325668315,1103.7,1103.7,1103.7
9ea37f9c-a831-4dbf-b2cc-b5b04f26f0da,1595325670369,80,89,90
SMFzbDiWjcc8zXMeVQoDoc1WobTLwYqC,1595325726217,100,100,100
NWdnyYM1Qte1CNWYWjmgJpSGDWTjpH1q,1595325728742,1103.7,1103.7,1103.7
9ea37f9c-a831-4dbf-b2cc-b5b04f26f0da,1595325730748,80,89,90
SMFzbDiWjcc8zXMeVQoDoc1WobTLwYqC,1595325786157,100,100,100
NWdnyYM1Qte1CNWYWjmgJpSGDWTjpH1q,1595325788108,1103.7,1103.7,1103.7
9ea37f9c-a831-4dbf-b2cc-b5b04f26f0da,1595325790079,80,89,89
SMFzbDiWjcc8zXMeVQoDoc1WobTLwYqC,1595325846081,100,100,100
NWdnyYM1Qte1CNWYWjmgJpSGDWTjpH1q,1595325848063,1103.7,1103.7,1103.7
9ea37f9c-a831-4dbf-b2cc-b5b04f26f0da,1595325849874,80,89,89
SMFzbDiWjcc8zXMeVQoDoc1WobTLwYqC,1595325906009,100,100,100
NWdnyYM1Qte1CNWYWjmgJpSGDWTjpH1q,1595325908030,1103.7,1103.7,1103.7
9ea37f9c-a831-4dbf-b2cc-b5b04f26f0da,1595325910099,80,89,89
SMFzbDiWjcc8zXMeVQoDoc1WobTLwYqC,1595325966075,100,100,100
NWdnyYM1Qte1CNWYWjmgJpSGDWTjpH1q,1595325968035,1100.58,1100.58,1100.58
9ea37f9c-a831-4dbf-b2cc-b5b04f26f0da,1595325969995,89,89,90
SMFzbDiWjcc8zXMeVQoDoc1WobTLwYqC,1595326025963,100,100,100
NWdnyYM1Qte1CNWYWjmgJpSGDWTjpH1q,1595326027939,1100.58,1100.58,1100.58
9ea37f9c-a831-4dbf-b2cc-b5b04f26f0da,1595326029914,89,89,90
SMFzbDiWjcc8zXMeVQoDoc1WobTLwYqC,1595326085936,100,100,100
NWdnyYM1Qte1CNWYWjmgJpSGDWTjpH1q,1595326087902,1100.58,1100.58,1100.58
9ea37f9c-a831-4dbf-b2cc-b5b04f26f0da,1595326089861,89,89,90
SMFzbDiWjcc8zXMeVQoDoc1WobTLwYqC,1595326145869,100,100,100
NWdnyYM1Qte1CNWYWjmgJpSGDWTjpH1q,1595326147800,1058.25,1086.47,1100.58
9ea37f9c-a831-4dbf-b2cc-b5b04f26f0da,1595326149757,89,89,90
SMFzbDiWjcc8zXMeVQoDoc1WobTLwYqC,1595326206485,100,100,100
NWdnyYM1Qte1CNWYWjmgJpSGDWTjpH1q,1595326208446,1058.25,1086.47,1100.58
9ea37f9c-a831-4dbf-b2cc-b5b04f26f0da,1595326210406,89,89,90
SMFzbDiWjcc8zXMeVQoDoc1WobTLwYqC,1595326266616,100,100,100
NWdnyYM1Qte1CNWYWjmgJpSGDWTjpH1q,1595326268605,1058.25,1086.47,1100.58
9ea37f9c-a831-4dbf-b2cc-b5b04f26f0da,1595326270560,89,90,90
SMFzbDiWjcc8zXMeVQoDoc1WobTLwYqC,1595326326409,100,100,100
NWdnyYM1Qte1CNWYWjmgJpSGDWTjpH1q,1595326328350,1058.25,1086.47,1100.58
9ea37f9c-a831-4dbf-b2cc-b5b04f26f0da,1595326330258,89,90,90
SMFzbDiWjcc8zXMeVQoDoc1WobTLwYqC,1595326386038,100,100,100
NWdnyYM1Qte1CNWYWjmgJpSGDWTjpH1q,1595326387954,1058.25,1086.47,1086.47
9ea37f9c-a831-4dbf-b2cc-b5b04f26f0da,1595326389923,89,90,90
SMFzbDiWjcc8zXMeVQoDoc1WobTLwYqC,1595326445898,100,100,100
NWdnyYM1Qte1CNWYWjmgJpSGDWTjpH1q,1595326447802,1058.25,1086.47,1086.47
9ea37f9c-a831-4dbf-b2cc-b5b04f26f0da,1595326452122,89,90,90
SMFzbDiWjcc8zXMeVQoDoc1WobTLwYqC,1595326506375,100,100,100
NWdnyYM1Qte1CNWYWjmgJpSGDWTjpH1q,1595326508279,1058.25,1086.47,1086.47
9ea37f9c-a831-4dbf-b2cc-b5b04f26f0da,1595326510205,89,90,90
SMFzbDiWjcc8zXMeVQoDoc1WobTLwYqC,1595326565815,100,100,100
NWdnyYM1Qte1CNWYWjmgJpSGDWTjpH1q,1595326567743,1058.25,1058.25,1086.47
9ea37f9c-a831-4dbf-b2cc-b5b04f26f0da,1595326569723,89,90,90
SMFzbDiWjcc8zXMeVQoDoc1WobTLwYqC,1595326625921,100,100,100
NWdnyYM1Qte1CNWYWjmgJpSGDWTjpH1q,1595326628363,1058.25,1058.25,1086.47
9ea37f9c-a831-4dbf-b2cc-b5b04f26f0da,1595326630296,89,90,90
SMFzbDiWjcc8zXMeVQoDoc1WobTLwYqC,1595326685843,100,100,100
NWdnyYM1Qte1CNWYWjmgJpSGDWTjpH1q,1595326688307,1058.25,1100.58,1100.58
9ea37f9c-a831-4dbf-b2cc-b5b04f26f0da,1595326690255,89,90,90
SMFzbDiWjcc8zXMeVQoDoc1WobTLwYqC,1595326746311,100,100,100
NWdnyYM1Qte1CNWYWjmgJpSGDWTjpH1q,1595326748244,1058.25,1100.58,1100.58
9ea37f9c-a831-4dbf-b2cc-b5b04f26f0da,1595326750185,89,90,90
SMFzbDiWjcc8zXMeVQoDoc1WobTLwYqC,1595326805987,100,100,100
NWdnyYM1Qte1CNWYWjmgJpSGDWTjpH1q,1595326807986,1058.25,1100.58,1128.8
9ea37f9c-a831-4dbf-b2cc-b5b04f26f0da,1595326809939,89,90,90
SMFzbDiWjcc8zXMeVQoDoc1WobTLwYqC,1595326866064,100,100,100
NWdnyYM1Qte1CNWYWjmgJpSGDWTjpH1q,1595326867996,1058.25,1100.58,1128.8
9ea37f9c-a831-4dbf-b2cc-b5b04f26f0da,1595326870001,89,90,90
SMFzbDiWjcc8zXMeVQoDoc1WobTLwYqC,1595326926433,100,100,100
NWdnyYM1Qte1CNWYWjmgJpSGDWTjpH1q,1595326928404,1058.25,1100.58,1128.8
9ea37f9c-a831-4dbf-b2cc-b5b04f26f0da,1595326930371,89,90,90
SMFzbDiWjcc8zXMeVQoDoc1WobTLwYqC,1595326986309,95,100,100
NWdnyYM1Qte1CNWYWjmgJpSGDWTjpH1q,1595326988307,1100.58,1100.58,1114.69
9ea37f9c-a831-4dbf-b2cc-b5b04f26f0da,1595326990260,88,90,90
SMFzbDiWjcc8zXMeVQoDoc1WobTLwYqC,1595327046083,95,100,100
NWdnyYM1Qte1CNWYWjmgJpSGDWTjpH1q,1595327048055,1100.58,1114.69,1128.8
9ea37f9c-a831-4dbf-b2cc-b5b04f26f0da,1595327049998,88,90,90
SMFzbDiWjcc8zXMeVQoDoc1WobTLwYqC,1595327106532,95,100,100
NWdnyYM1Qte1CNWYWjmgJpSGDWTjpH1q,1595327108355,1100.58,1114.69,1128.8
9ea37f9c-a831-4dbf-b2cc-b5b04f26f0da,1595327110324,88,90,90
SMFzbDiWjcc8zXMeVQoDoc1WobTLwYqC,1595327165540,95,100,100
NWdnyYM1Qte1CNWYWjmgJpSGDWTjpH1q,1595327167458,1100.58,1114.69,1128.8
9ea37f9c-a831-4dbf-b2cc-b5b04f26f0da,1595327169429,88,90,90
SMFzbDiWjcc8zXMeVQoDoc1WobTLwYqC,1595327225767,95,100,100
NWdnyYM1Qte1CNWYWjmgJpSGDWTjpH1q,1595327227859,1100.58,1114.69,1128.8
9ea37f9c-a831-4dbf-b2cc-b5b04f26f0da,1595327229939,88,88,90
SMFzbDiWjcc8zXMeVQoDoc1WobTLwYqC,1595327285829,95,100,100
NWdnyYM1Qte1CNWYWjmgJpSGDWTjpH1q,1595327287829,1100.58,1114.69,1128.8
9ea37f9c-a831-4dbf-b2cc-b5b04f26f0da,1595327289616,88,88,90
SMFzbDiWjcc8zXMeVQoDoc1WobTLwYqC,1595327346169,95,100,100
NWdnyYM1Qte1CNWYWjmgJpSGDWTjpH1q,1595327348125,1100.58,1114.69,1128.8
9ea37f9c-a831-4dbf-b2cc-b5b04f26f0da,1595327350056,85,88,88
SMFzbDiWjcc8zXMeVQoDoc1WobTLwYqC,1595327405732,95,100,100
NWdnyYM1Qte1CNWYWjmgJpSGDWTjpH1q,1595327407806,1100.58,1114.69,1128.8
9ea37f9c-a831-4dbf-b2cc-b5b04f26f0da,1595327409776,85,88,88
SMFzbDiWjcc8zXMeVQoDoc1WobTLwYqC,1595327465764,95,100,100
NWdnyYM1Qte1CNWYWjmgJpSGDWTjpH1q,1595327467751,1114.69,1114.69,1114.69
9ea37f9c-a831-4dbf-b2cc-b5b04f26f0da,1595327469693,85,88,90
SMFzbDiWjcc8zXMeVQoDoc1WobTLwYqC,1595327525910,95,95,100
NWdnyYM1Qte1CNWYWjmgJpSGDWTjpH1q,1595327527922,1114.69,1114.69,1114.69
9ea37f9c-a831-4dbf-b2cc-b5b04f26f0da,1595327530330,88,90,90
SMFzbDiWjcc8zXMeVQoDoc1WobTLwYqC,1595327586693,95,95,100
NWdnyYM1Qte1CNWYWjmgJpSGDWTjpH1q,1595327588684,1114.69,1114.69,1114.69
9ea37f9c-a831-4dbf-b2cc-b5b04f26f0da,1595327591005,88,90,90
SMFzbDiWjcc8zXMeVQoDoc1WobTLwYqC,1595327645659,95,95,100
NWdnyYM1Qte1CNWYWjmgJpSGDWTjpH1q,1595327647602,1058.25,1114.69,1114.69
9ea37f9c-a831-4dbf-b2cc-b5b04f26f0da,1595327649527,88,90,90
SMFzbDiWjcc8zXMeVQoDoc1WobTLwYqC,1595327705884,95,95,100
NWdnyYM1Qte1CNWYWjmgJpSGDWTjpH1q,1595327707878,1100.58,1100.58,1114.69
9ea37f9c-a831-4dbf-b2cc-b5b04f26f0da,1595327709833,85,88,90
SMFzbDiWjcc8zXMeVQoDoc1WobTLwYqC,1595327765847,95,95,100
NWdnyYM1Qte1CNWYWjmgJpSGDWTjpH1q,1595327767815,1096.6799999999998,1096.6799999999998,1110.74
9ea37f9c-a831-4dbf-b2cc-b5b04f26f0da,1595327769791,85,88,90
SMFzbDiWjcc8zXMeVQoDoc1WobTLwYqC,1595327825651,95,95,100
NWdnyYM1Qte1CNWYWjmgJpSGDWTjpH1q,1595327827655,1096.6799999999998,1096.6799999999998,1110.74
9ea37f9c-a831-4dbf-b2cc-b5b04f26f0da,1595327829624,85,85,88
SMFzbDiWjcc8zXMeVQoDoc1WobTLwYqC,1595327885978,95,95,100
NWdnyYM1Qte1CNWYWjmgJpSGDWTjpH1q,1595327888082,1096.6799999999998,1096.6799999999998,1110.74
9ea37f9c-a831-4dbf-b2cc-b5b04f26f0da,1595327890021,85,85,88
SMFzbDiWjcc8zXMeVQoDoc1WobTLwYqC,1595327946383,95,95,95
NWdnyYM1Qte1CNWYWjmgJpSGDWTjpH1q,1595327948344,1096.6799999999998,1096.6799999999998,1110.74
9ea37f9c-a831-4dbf-b2cc-b5b04f26f0da,1595327950277,85,85,85
SMFzbDiWjcc8zXMeVQoDoc1WobTLwYqC,1595328005746,95,95,95
NWdnyYM1Qte1CNWYWjmgJpSGDWTjpH1q,1595328007768,1096.6799999999998,1096.6799999999998,1110.74
9ea37f9c-a831-4dbf-b2cc-b5b04f26f0da,1595328009679,85,85,85
SMFzbDiWjcc8zXMeVQoDoc1WobTLwYqC,1595328065976,95,95,95
NWdnyYM1Qte1CNWYWjmgJpSGDWTjpH1q,1595328067925,1096.6799999999998,1096.6799999999998,1110.74
9ea37f9c-a831-4dbf-b2cc-b5b04f26f0da,1595328069931,85,85,85
SMFzbDiWjcc8zXMeVQoDoc1WobTLwYqC,1595328125618,95,95,95
NWdnyYM1Qte1CNWYWjmgJpSGDWTjpH1q,1595328127570,1096.6799999999998,1110.74,1110.74
9ea37f9c-a831-4dbf-b2cc-b5b04f26f0da,1595328129549,85,85,85
SMFzbDiWjcc8zXMeVQoDoc1WobTLwYqC,1595328186077,95,95,95
NWdnyYM1Qte1CNWYWjmgJpSGDWTjpH1q,1595328188029,1096.6799999999998,1096.6799999999998,1110.74
9ea37f9c-a831-4dbf-b2cc-b5b04f26f0da,1595328189926,85,85,85
SMFzbDiWjcc8zXMeVQoDoc1WobTLwYqC,1595328245976,95,95,95
NWdnyYM1Qte1CNWYWjmgJpSGDWTjpH1q,1595328247901,1096.6799999999998,1110.74,1110.74
9ea37f9c-a831-4dbf-b2cc-b5b04f26f0da,1595328249835,85,85,85
SMFzbDiWjcc8zXMeVQoDoc1WobTLwYqC,1595328306180,95,95,95
NWdnyYM1Qte1CNWYWjmgJpSGDWTjpH1q,1595328308143,1096.6799999999998,1110.74,1110.74
9ea37f9c-a831-4dbf-b2cc-b5b04f26f0da,1595328310037,85,85,85
SMFzbDiWjcc8zXMeVQoDoc1WobTLwYqC,1595328365821,95,95,95
NWdnyYM1Qte1CNWYWjmgJpSGDWTjpH1q,1595328367791,1096.6799999999998,1110.74,1110.74
9ea37f9c-a831-4dbf-b2cc-b5b04f26f0da,1595328369714,80,85,85
SMFzbDiWjcc8zXMeVQoDoc1WobTLwYqC,1595328425652,95,95,95
NWdnyYM1Qte1CNWYWjmgJpSGDWTjpH1q,1595328427576,1096.6799999999998,1110.74,1110.74
9ea37f9c-a831-4dbf-b2cc-b5b04f26f0da,1595328429523,50,50,80
SMFzbDiWjcc8zXMeVQoDoc1WobTLwYqC,1595328485767,95,95,95
NWdnyYM1Qte1CNWYWjmgJpSGDWTjpH1q,1595328487753,1096.6799999999998,1110.74,1110.74
9ea37f9c-a831-4dbf-b2cc-b5b04f26f0da,1595328489772,50,50,80
SMFzbDiWjcc8zXMeVQoDoc1WobTLwYqC,1595328546459,95,95,95
NWdnyYM1Qte1CNWYWjmgJpSGDWTjpH1q,1595328548465,1096.6799999999998,1110.74,1110.74
9ea37f9c-a831-4dbf-b2cc-b5b04f26f0da,1595328550490,80,80,85
SMFzbDiWjcc8zXMeVQoDoc1WobTLwYqC,1595328605832,95,95,95
NWdnyYM1Qte1CNWYWjmgJpSGDWTjpH1q,1595328607794,1096.6799999999998,1110.74,1110.74
9ea37f9c-a831-4dbf-b2cc-b5b04f26f0da,1595328609759,80,85,85
SMFzbDiWjcc8zXMeVQoDoc1WobTLwYqC,1595328665709,95,95,95
NWdnyYM1Qte1CNWYWjmgJpSGDWTjpH1q,1595328668097,1095.8999999999999,1109.95,1109.95
9ea37f9c-a831-4dbf-b2cc-b5b04f26f0da,1595328670006,80,85,85
SMFzbDiWjcc8zXMeVQoDoc1WobTLwYqC,1595328725771,95,95,95
NWdnyYM1Qte1CNWYWjmgJpSGDWTjpH1q,1595328727733,1095.8999999999999,1109.95,1109.95
9ea37f9c-a831-4dbf-b2cc-b5b04f26f0da,1595328729728,80,85,85
SMFzbDiWjcc8zXMeVQoDoc1WobTLwYqC,1595328786287,95,95,95
NWdnyYM1Qte1CNWYWjmgJpSGDWTjpH1q,1595328788318,1095.8999999999999,1109.95,1109.95
9ea37f9c-a831-4dbf-b2cc-b5b04f26f0da,1595328790275,80,85,85
SMFzbDiWjcc8zXMeVQoDoc1WobTLwYqC,1595328845773,95,95,95
NWdnyYM1Qte1CNWYWjmgJpSGDWTjpH1q,1595328847853,1095.8999999999999,1109.95,1109.95
9ea37f9c-a831-4dbf-b2cc-b5b04f26f0da,1595328849783,85,85,85
SMFzbDiWjcc8zXMeVQoDoc1WobTLwYqC,1595328905873,95,95,95
NWdnyYM1Qte1CNWYWjmgJpSGDWTjpH1q,1595328907839,1095.8999999999999,1109.95,1109.95
9ea37f9c-a831-4dbf-b2cc-b5b04f26f0da,1595328909769,85,85,85
SMFzbDiWjcc8zXMeVQoDoc1WobTLwYqC,1595328965936,95,95,95
NWdnyYM1Qte1CNWYWjmgJpSGDWTjpH1q,1595328967941,1095.8999999999999,1095.8999999999999,1109.95
9ea37f9c-a831-4dbf-b2cc-b5b04f26f0da,1595328969890,85,85,90
SMFzbDiWjcc8zXMeVQoDoc1WobTLwYqC,1595329026040,95,95,95
NWdnyYM1Qte1CNWYWjmgJpSGDWTjpH1q,1595329027986,1095.8999999999999,1095.8999999999999,1109.95
9ea37f9c-a831-4dbf-b2cc-b5b04f26f0da,1595329029899,85,85,90
SMFzbDiWjcc8zXMeVQoDoc1WobTLwYqC,1595329089481,95,95,95
NWdnyYM1Qte1CNWYWjmgJpSGDWTjpH1q,1595329091496,1095.8999999999999,1095.8999999999999,1109.95
9ea37f9c-a831-4dbf-b2cc-b5b04f26f0da,1595329093554,85,85,90
SMFzbDiWjcc8zXMeVQoDoc1WobTLwYqC,1595329145960,95,95,99
NWdnyYM1Qte1CNWYWjmgJpSGDWTjpH1q,1595329148007,1095.8999999999999,1095.8999999999999,1109.95
9ea37f9c-a831-4dbf-b2cc-b5b04f26f0da,1595329149994,85,90,90
SMFzbDiWjcc8zXMeVQoDoc1WobTLwYqC,1595329205925,95,95,99
NWdnyYM1Qte1CNWYWjmgJpSGDWTjpH1q,1595329207937,1095.8999999999999,1095.8999999999999,1109.95
9ea37f9c-a831-4dbf-b2cc-b5b04f26f0da,1595329209981,85,90,90
SMFzbDiWjcc8zXMeVQoDoc1WobTLwYqC,1595329266044,95,95,99
NWdnyYM1Qte1CNWYWjmgJpSGDWTjpH1q,1595329268007,1095.8999999999999,1095.8999999999999,1109.95
9ea37f9c-a831-4dbf-b2cc-b5b04f26f0da,1595329270075,90,90,90
SMFzbDiWjcc8zXMeVQoDoc1WobTLwYqC,1595329325956,94,95,95
NWdnyYM1Qte1CNWYWjmgJpSGDWTjpH1q,1595329327966,1095.8999999999999,1095.8999999999999,1109.95
9ea37f9c-a831-4dbf-b2cc-b5b04f26f0da,1595329330031,90,90,90
SMFzbDiWjcc8zXMeVQoDoc1WobTLwYqC,1595329386488,95,95,99
NWdnyYM1Qte1CNWYWjmgJpSGDWTjpH1q,1595329388458,1095.8999999999999,1095.8999999999999,1109.95
9ea37f9c-a831-4dbf-b2cc-b5b04f26f0da,1595329390406,90,90,90
SMFzbDiWjcc8zXMeVQoDoc1WobTLwYqC,1595329445985,95,95,98
NWdnyYM1Qte1CNWYWjmgJpSGDWTjpH1q,1595329448011,1095.8999999999999,1109.95,1109.95
9ea37f9c-a831-4dbf-b2cc-b5b04f26f0da,1595329450047,90,90,90
SMFzbDiWjcc8zXMeVQoDoc1WobTLwYqC,1595329506252,95,95,95
NWdnyYM1Qte1CNWYWjmgJpSGDWTjpH1q,1595329508279,1039.7,1095.8999999999999,1109.95
9ea37f9c-a831-4dbf-b2cc-b5b04f26f0da,1595329510289,85,90,90
SMFzbDiWjcc8zXMeVQoDoc1WobTLwYqC,1595329566051,95,95,95
NWdnyYM1Qte1CNWYWjmgJpSGDWTjpH1q,1595329567995,1039.7,1095.8999999999999,1109.95
9ea37f9c-a831-4dbf-b2cc-b5b04f26f0da,1595329569933,90,90,90
SMFzbDiWjcc8zXMeVQoDoc1WobTLwYqC,1595329626306,95,95,95
NWdnyYM1Qte1CNWYWjmgJpSGDWTjpH1q,1595329628249,1095.8999999999999,1109.95,1109.95
9ea37f9c-a831-4dbf-b2cc-b5b04f26f0da,1595329630175,90,90,90
SMFzbDiWjcc8zXMeVQoDoc1WobTLwYqC,1595329686174,95,95,95
NWdnyYM1Qte1CNWYWjmgJpSGDWTjpH1q,1595329688135,1095.8999999999999,1109.95,1109.95
9ea37f9c-a831-4dbf-b2cc-b5b04f26f0da,1595329690053,90,90,90
SMFzbDiWjcc8zXMeVQoDoc1WobTLwYqC,1595329746090,95,95,95
NWdnyYM1Qte1CNWYWjmgJpSGDWTjpH1q,1595329748029,1095.8999999999999,1109.95,1109.95
9ea37f9c-a831-4dbf-b2cc-b5b04f26f0da,1595329749937,85,90,90
SMFzbDiWjcc8zXMeVQoDoc1WobTLwYqC,1595329805843,95,95,95
NWdnyYM1Qte1CNWYWjmgJpSGDWTjpH1q,1595329807851,1095.8999999999999,1109.95,1109.95
9ea37f9c-a831-4dbf-b2cc-b5b04f26f0da,1595329809850,85,90,90
SMFzbDiWjcc8zXMeVQoDoc1WobTLwYqC,1595329865992,95,95,95
NWdnyYM1Qte1CNWYWjmgJpSGDWTjpH1q,1595329867974,1095.8999999999999,1109.95,1109.95
9ea37f9c-a831-4dbf-b2cc-b5b04f26f0da,1595329869869,85,90,90
SMFzbDiWjcc8zXMeVQoDoc1WobTLwYqC,1595329925901,95,95,95
NWdnyYM1Qte1CNWYWjmgJpSGDWTjpH1q,1595329927893,1095.8999999999999,1109.95,1109.95
9ea37f9c-a831-4dbf-b2cc-b5b04f26f0da,1595329929878,50,90,90
SMFzbDiWjcc8zXMeVQoDoc1WobTLwYqC,1595329986428,95,95,95
NWdnyYM1Qte1CNWYWjmgJpSGDWTjpH1q,1595329988234,1095.8999999999999,1109.95,1109.95
9ea37f9c-a831-4dbf-b2cc-b5b04f26f0da,1595329990159,90,90,90
SMFzbDiWjcc8zXMeVQoDoc1WobTLwYqC,1595330046473,95,95,95
NWdnyYM1Qte1CNWYWjmgJpSGDWTjpH1q,1595330048402,1095.8999999999999,1109.95,1109.95
9ea37f9c-a831-4dbf-b2cc-b5b04f26f0da,1595330050335,90,90,90
SMFzbDiWjcc8zXMeVQoDoc1WobTLwYqC,1595330105823,95,95,95
NWdnyYM1Qte1CNWYWjmgJpSGDWTjpH1q,1595330107780,1095.8999999999999,1109.95,1109.95
9ea37f9c-a831-4dbf-b2cc-b5b04f26f0da,1595330109689,85,85,88
SMFzbDiWjcc8zXMeVQoDoc1WobTLwYqC,1595330165718,95,95,95
NWdnyYM1Qte1CNWYWjmgJpSGDWTjpH1q,1595330167735,1095.8999999999999,1109.95,1109.95
9ea37f9c-a831-4dbf-b2cc-b5b04f26f0da,1595330169734,85,85,88
SMFzbDiWjcc8zXMeVQoDoc1WobTLwYqC,1595330225912,95,95,95
NWdnyYM1Qte1CNWYWjmgJpSGDWTjpH1q,1595330228496,10,10,1095.8999999999999
9ea37f9c-a831-4dbf-b2cc-b5b04f26f0da,1595330230421,85,85,88
SMFzbDiWjcc8zXMeVQoDoc1WobTLwYqC,1595330286327,95,95,95
NWdnyYM1Qte1CNWYWjmgJpSGDWTjpH1q,1595330288277,10,1095.8999999999999,1109.95
9ea37f9c-a831-4dbf-b2cc-b5b04f26f0da,1595330290186,80,85,85
SMFzbDiWjcc8zXMeVQoDoc1WobTLwYqC,1595330346098,95,95,95
NWdnyYM1Qte1CNWYWjmgJpSGDWTjpH1q,1595330348034,10,1095.8999999999999,1109.95
9ea37f9c-a831-4dbf-b2cc-b5b04f26f0da,1595330349997,80,85,85
SMFzbDiWjcc8zXMeVQoDoc1WobTLwYqC,1595330405575,95,95,95
NWdnyYM1Qte1CNWYWjmgJpSGDWTjpH1q,1595330407497,1095.8999999999999,1109.95,1109.95
9ea37f9c-a831-4dbf-b2cc-b5b04f26f0da,1595330409473,85,85,90
SMFzbDiWjcc8zXMeVQoDoc1WobTLwYqC,1595330465720,95,95,95
NWdnyYM1Qte1CNWYWjmgJpSGDWTjpH1q,1595330467676,1095.8999999999999,1109.95,1109.95
9ea37f9c-a831-4dbf-b2cc-b5b04f26f0da,1595330469648,80,80,90
SMFzbDiWjcc8zXMeVQoDoc1WobTLwYqC,1595330526056,95,95,95
NWdnyYM1Qte1CNWYWjmgJpSGDWTjpH1q,1595330528025,1095.8999999999999,1109.95,1109.95
9ea37f9c-a831-4dbf-b2cc-b5b04f26f0da,1595330529928,80,80,90
SMFzbDiWjcc8zXMeVQoDoc1WobTLwYqC,1595330585881,95,95,95
NWdnyYM1Qte1CNWYWjmgJpSGDWTjpH1q,1595330587855,1095.8999999999999,1109.95,1109.95
9ea37f9c-a831-4dbf-b2cc-b5b04f26f0da,1595330589756,75,80,80
SMFzbDiWjcc8zXMeVQoDoc1WobTLwYqC,1595330645969,95,95,95
NWdnyYM1Qte1CNWYWjmgJpSGDWTjpH1q,1595330647958,1095.8999999999999,1095.8999999999999,1109.95
9ea37f9c-a831-4dbf-b2cc-b5b04f26f0da,1595330649950,75,75,75
SMFzbDiWjcc8zXMeVQoDoc1WobTLwYqC,1595330705914,95,95,95
NWdnyYM1Qte1CNWYWjmgJpSGDWTjpH1q,1595330708021,1095.8999999999999,1095.8999999999999,1109.95
9ea37f9c-a831-4dbf-b2cc-b5b04f26f0da,1595330709958,75,75,75
SMFzbDiWjcc8zXMeVQoDoc1WobTLwYqC,1595330765768,95,95,95
NWdnyYM1Qte1CNWYWjmgJpSGDWTjpH1q,1595330767757,1095.8999999999999,1095.8999999999999,1109.95
9ea37f9c-a831-4dbf-b2cc-b5b04f26f0da,1595330769720,75,80,80
SMFzbDiWjcc8zXMeVQoDoc1WobTLwYqC,1595330825995,95,95,95
NWdnyYM1Qte1CNWYWjmgJpSGDWTjpH1q,1595330827966,1095.8999999999999,1095.8999999999999,1095.8999999999999
9ea37f9c-a831-4dbf-b2cc-b5b04f26f0da,1595330830337,75,80,80
SMFzbDiWjcc8zXMeVQoDoc1WobTLwYqC,1595330885935,95,95,95
NWdnyYM1Qte1CNWYWjmgJpSGDWTjpH1q,1595330887921,1095.8999999999999,1095.8999999999999,1095.8999999999999
9ea37f9c-a831-4dbf-b2cc-b5b04f26f0da,1595330889878,80,80,85
SMFzbDiWjcc8zXMeVQoDoc1WobTLwYqC,1595330945925,95,95,95
NWdnyYM1Qte1CNWYWjmgJpSGDWTjpH1q,1595330947900,1095.8999999999999,1095.8999999999999,1109.95
9ea37f9c-a831-4dbf-b2cc-b5b04f26f0da,1595330949874,80,85,89
SMFzbDiWjcc8zXMeVQoDoc1WobTLwYqC,1595331006400,95,95,95
NWdnyYM1Qte1CNWYWjmgJpSGDWTjpH1q,1595331008342,1095.8999999999999,1095.8999999999999,1109.95
9ea37f9c-a831-4dbf-b2cc-b5b04f26f0da,1595331010306,80,80,80
SMFzbDiWjcc8zXMeVQoDoc1WobTLwYqC,1595331065806,95,95,95
NWdnyYM1Qte1CNWYWjmgJpSGDWTjpH1q,1595331067774,1095.8999999999999,1095.8999999999999,1109.95
9ea37f9c-a831-4dbf-b2cc-b5b04f26f0da,1595331070234,80,80,85
SMFzbDiWjcc8zXMeVQoDoc1WobTLwYqC,1595331126157,95,95,95
NWdnyYM1Qte1CNWYWjmgJpSGDWTjpH1q,1595331128110,1095.8999999999999,1095.8999999999999,1109.95
9ea37f9c-a831-4dbf-b2cc-b5b04f26f0da,1595331130030,80,80,85
SMFzbDiWjcc8zXMeVQoDoc1WobTLwYqC,1595331185696,95,95,95
NWdnyYM1Qte1CNWYWjmgJpSGDWTjpH1q,1595331187519,1095.8999999999999,1095.8999999999999,1109.95
9ea37f9c-a831-4dbf-b2cc-b5b04f26f0da,1595331189557,80,80,80
SMFzbDiWjcc8zXMeVQoDoc1WobTLwYqC,1595331245829,95,95,95
NWdnyYM1Qte1CNWYWjmgJpSGDWTjpH1q,1595331248245,1095.8999999999999,1095.8999999999999,1109.95
9ea37f9c-a831-4dbf-b2cc-b5b04f26f0da,1595331250226,80,80,80
SMFzbDiWjcc8zXMeVQoDoc1WobTLwYqC,1595331306575,95,95,95
NWdnyYM1Qte1CNWYWjmgJpSGDWTjpH1q,1595331308519,1109.95,1109.95,1109.95
9ea37f9c-a831-4dbf-b2cc-b5b04f26f0da,1595331310492,80,80,80
SMFzbDiWjcc8zXMeVQoDoc1WobTLwYqC,1595331365852,95,95,95
NWdnyYM1Qte1CNWYWjmgJpSGDWTjpH1q,1595331367785,1095.8999999999999,1109.95,1109.95
9ea37f9c-a831-4dbf-b2cc-b5b04f26f0da,1595331369743,80,80,85
SMFzbDiWjcc8zXMeVQoDoc1WobTLwYqC,1595331426562,95,95,98
NWdnyYM1Qte1CNWYWjmgJpSGDWTjpH1q,1595331428552,1050,1092,1106
9ea37f9c-a831-4dbf-b2cc-b5b04f26f0da,1595331430546,80,80,85
SMFzbDiWjcc8zXMeVQoDoc1WobTLwYqC,1595331485643,95,95,98
NWdnyYM1Qte1CNWYWjmgJpSGDWTjpH1q,1595331487569,1050,1092,1106
9ea37f9c-a831-4dbf-b2cc-b5b04f26f0da,1595331489497,80,85,85
SMFzbDiWjcc8zXMeVQoDoc1WobTLwYqC,1595331545700,95,95,98
NWdnyYM1Qte1CNWYWjmgJpSGDWTjpH1q,1595331547707,1092,1106,1106
9ea37f9c-a831-4dbf-b2cc-b5b04f26f0da,1595331549704,80,85,85
SMFzbDiWjcc8zXMeVQoDoc1WobTLwYqC,1595331606145,95,95,98
NWdnyYM1Qte1CNWYWjmgJpSGDWTjpH1q,1595331608230,1092,1106,1106
9ea37f9c-a831-4dbf-b2cc-b5b04f26f0da,1595331610253,85,90,90
SMFzbDiWjcc8zXMeVQoDoc1WobTLwYqC,1595331665843,95,95,98
NWdnyYM1Qte1CNWYWjmgJpSGDWTjpH1q,1595331667840,1078,1092,1106
9ea37f9c-a831-4dbf-b2cc-b5b04f26f0da,1595331669849,80,85,90
SMFzbDiWjcc8zXMeVQoDoc1WobTLwYqC,1595331725728,95,95,98
NWdnyYM1Qte1CNWYWjmgJpSGDWTjpH1q,1595331727727,1078,1092,1106
9ea37f9c-a831-4dbf-b2cc-b5b04f26f0da,1595331729765,80,85,89
SMFzbDiWjcc8zXMeVQoDoc1WobTLwYqC,1595331785894,95,95,98
NWdnyYM1Qte1CNWYWjmgJpSGDWTjpH1q,1595331787900,1078,1092,1092
9ea37f9c-a831-4dbf-b2cc-b5b04f26f0da,1595331789876,80,85,89
SMFzbDiWjcc8zXMeVQoDoc1WobTLwYqC,1595331845918,95,95,98
NWdnyYM1Qte1CNWYWjmgJpSGDWTjpH1q,1595331847974,1050,1078,1092
9ea37f9c-a831-4dbf-b2cc-b5b04f26f0da,1595331849947,80,80,85
SMFzbDiWjcc8zXMeVQoDoc1WobTLwYqC,1595331906094,95,95,98
NWdnyYM1Qte1CNWYWjmgJpSGDWTjpH1q,1595331908180,1050,1078,1092
9ea37f9c-a831-4dbf-b2cc-b5b04f26f0da,1595331910184,80,80,85
SMFzbDiWjcc8zXMeVQoDoc1WobTLwYqC,1595331965898,90,95,95
NWdnyYM1Qte1CNWYWjmgJpSGDWTjpH1q,1595331967893,1050,1078,1106
9ea37f9c-a831-4dbf-b2cc-b5b04f26f0da,1595331969919,80,85,89
SMFzbDiWjcc8zXMeVQoDoc1WobTLwYqC,1595332025951,90,95,95
NWdnyYM1Qte1CNWYWjmgJpSGDWTjpH1q,1595332028027,1078,1106,1106
9ea37f9c-a831-4dbf-b2cc-b5b04f26f0da,1595332030052,80,85,89
SMFzbDiWjcc8zXMeVQoDoc1WobTLwYqC,1595332086561,95,95,98
NWdnyYM1Qte1CNWYWjmgJpSGDWTjpH1q,1595332088594,1078,1106,1106
9ea37f9c-a831-4dbf-b2cc-b5b04f26f0da,1595332090657,80,80,85
SMFzbDiWjcc8zXMeVQoDoc1WobTLwYqC,1595332146007,95,95,98
NWdnyYM1Qte1CNWYWjmgJpSGDWTjpH1q,1595332148048,1078,1106,1106
9ea37f9c-a831-4dbf-b2cc-b5b04f26f0da,1595332150093,80,80,85
SMFzbDiWjcc8zXMeVQoDoc1WobTLwYqC,1595332205898,95,95,95
NWdnyYM1Qte1CNWYWjmgJpSGDWTjpH1q,1595332207905,1078,1106,1106
9ea37f9c-a831-4dbf-b2cc-b5b04f26f0da,1595332209926,80,80,85
SMFzbDiWjcc8zXMeVQoDoc1WobTLwYqC,1595332266220,95,95,95
NWdnyYM1Qte1CNWYWjmgJpSGDWTjpH1q,1595332268273,1078,1106,1106
9ea37f9c-a831-4dbf-b2cc-b5b04f26f0da,1595332270280,80,80,80
SMFzbDiWjcc8zXMeVQoDoc1WobTLwYqC,1595332325919,95,95,95
NWdnyYM1Qte1CNWYWjmgJpSGDWTjpH1q,1595332327972,1078,1106,1106
9ea37f9c-a831-4dbf-b2cc-b5b04f26f0da,1595332330022,80,80,80
SMFzbDiWjcc8zXMeVQoDoc1WobTLwYqC,1595332387022,95,95,95
NWdnyYM1Qte1CNWYWjmgJpSGDWTjpH1q,1595332389067,1078,1106,1106
9ea37f9c-a831-4dbf-b2cc-b5b04f26f0da,1595332391080,80,80,80
SMFzbDiWjcc8zXMeVQoDoc1WobTLwYqC,1595332446286,95,95,95
NWdnyYM1Qte1CNWYWjmgJpSGDWTjpH1q,1595332448367,1078,1106,1106
9ea37f9c-a831-4dbf-b2cc-b5b04f26f0da,1595332450596,80,80,80
SMFzbDiWjcc8zXMeVQoDoc1WobTLwYqC,1595332506410,90,95,95
NWdnyYM1Qte1CNWYWjmgJpSGDWTjpH1q,1595332508467,1078,1092,1106
9ea37f9c-a831-4dbf-b2cc-b5b04f26f0da,1595332510524,80,80,80
SMFzbDiWjcc8zXMeVQoDoc1WobTLwYqC,1595332565910,90,95,95
NWdnyYM1Qte1CNWYWjmgJpSGDWTjpH1q,1595332567928,1078,1092,1106
9ea37f9c-a831-4dbf-b2cc-b5b04f26f0da,1595332569957,80,80,80
SMFzbDiWjcc8zXMeVQoDoc1WobTLwYqC,1595332626322,90,95,95
NWdnyYM1Qte1CNWYWjmgJpSGDWTjpH1q,1595332628422,1078,1092,1106
9ea37f9c-a831-4dbf-b2cc-b5b04f26f0da,1595332630495,80,80,80
SMFzbDiWjcc8zXMeVQoDoc1WobTLwYqC,1595332685769,90,95,95
NWdnyYM1Qte1CNWYWjmgJpSGDWTjpH1q,1595332687784,1078,1092,1092
9ea37f9c-a831-4dbf-b2cc-b5b04f26f0da,1595332689844,80,80,80
SMFzbDiWjcc8zXMeVQoDoc1WobTLwYqC,1595332746833,90,95,95
NWdnyYM1Qte1CNWYWjmgJpSGDWTjpH1q,1595332748904,1078,1092,1092
9ea37f9c-a831-4dbf-b2cc-b5b04f26f0da,1595332750989,80,85,85
SMFzbDiWjcc8zXMeVQoDoc1WobTLwYqC,1595332806218,90,95,95
NWdnyYM1Qte1CNWYWjmgJpSGDWTjpH1q,1595332808360,1078,1092,1092
9ea37f9c-a831-4dbf-b2cc-b5b04f26f0da,1595332810559,85,85,85
SMFzbDiWjcc8zXMeVQoDoc1WobTLwYqC,1595332866497,90,95,95
NWdnyYM1Qte1CNWYWjmgJpSGDWTjpH1q,1595332868556,1050,1078,1092
9ea37f9c-a831-4dbf-b2cc-b5b04f26f0da,1595332870596,85,85,85
SMFzbDiWjcc8zXMeVQoDoc1WobTLwYqC,1595332926226,90,95,95
NWdnyYM1Qte1CNWYWjmgJpSGDWTjpH1q,1595332928266,1050,1078,1092
9ea37f9c-a831-4dbf-b2cc-b5b04f26f0da,1595332930795,85,85,85
SMFzbDiWjcc8zXMeVQoDoc1WobTLwYqC,1595332986025,90,95,95
NWdnyYM1Qte1CNWYWjmgJpSGDWTjpH1q,1595332988028,1050,1078,1092
9ea37f9c-a831-4dbf-b2cc-b5b04f26f0da,1595332990059,85,85,85
SMFzbDiWjcc8zXMeVQoDoc1WobTLwYqC,1595333046071,90,95,95
NWdnyYM1Qte1CNWYWjmgJpSGDWTjpH1q,1595333048179,1050,1078,1092
9ea37f9c-a831-4dbf-b2cc-b5b04f26f0da,1595333050199,80,80,85
SMFzbDiWjcc8zXMeVQoDoc1WobTLwYqC,1595333106424,90,95,95
NWdnyYM1Qte1CNWYWjmgJpSGDWTjpH1q,1595333108471,1050,1078,1092
9ea37f9c-a831-4dbf-b2cc-b5b04f26f0da,1595333110518,80,80,85
SMFzbDiWjcc8zXMeVQoDoc1WobTLwYqC,1595333166316,8,90,90
NWdnyYM1Qte1CNWYWjmgJpSGDWTjpH1q,1595333168396,1078,1092,1092
9ea37f9c-a831-4dbf-b2cc-b5b04f26f0da,1595333170452,80,80,85
NWdnyYM1Qte1CNWYWjmgJpSGDWTjpH1q,1595333226147,1078,1092,1106
9ea37f9c-a831-4dbf-b2cc-b5b04f26f0da,1595333228278,80,80,85
SMFzbDiWjcc8zXMeVQoDoc1WobTLwYqC,1595333230316,90,90,95
NWdnyYM1Qte1CNWYWjmgJpSGDWTjpH1q,1595333286140,1078,1092,1106
9ea37f9c-a831-4dbf-b2cc-b5b04f26f0da,1595333288235,80,80,85
SMFzbDiWjcc8zXMeVQoDoc1WobTLwYqC,1595333290240,90,90,95
NWdnyYM1Qte1CNWYWjmgJpSGDWTjpH1q,1595333346315,1078,1092,1106
9ea37f9c-a831-4dbf-b2cc-b5b04f26f0da,1595333348419,80,85,85
SMFzbDiWjcc8zXMeVQoDoc1WobTLwYqC,1595333350486,90,90,95
NWdnyYM1Qte1CNWYWjmgJpSGDWTjpH1q,1595333406070,1078,1092,1106
9ea37f9c-a831-4dbf-b2cc-b5b04f26f0da,1595333408176,80,85,85
SMFzbDiWjcc8zXMeVQoDoc1WobTLwYqC,1595333410205,90,90,95
NWdnyYM1Qte1CNWYWjmgJpSGDWTjpH1q,1595333466157,1078,1092,1092
9ea37f9c-a831-4dbf-b2cc-b5b04f26f0da,1595333468333,80,85,85
SMFzbDiWjcc8zXMeVQoDoc1WobTLwYqC,1595333470864,90,90,95
NWdnyYM1Qte1CNWYWjmgJpSGDWTjpH1q,1595333525985,1078,1092,1092
9ea37f9c-a831-4dbf-b2cc-b5b04f26f0da,1595333528043,85,85,85
SMFzbDiWjcc8zXMeVQoDoc1WobTLwYqC,1595333530092,90,90,90
NWdnyYM1Qte1CNWYWjmgJpSGDWTjpH1q,1595333586016,1078,1092,1092
9ea37f9c-a831-4dbf-b2cc-b5b04f26f0da,1595333588096,85,85,85
SMFzbDiWjcc8zXMeVQoDoc1WobTLwYqC,1595333590095,90,90,90
NWdnyYM1Qte1CNWYWjmgJpSGDWTjpH1q,1595333645843,1078,1078,1092
9ea37f9c-a831-4dbf-b2cc-b5b04f26f0da,1595333647961,85,85,89
SMFzbDiWjcc8zXMeVQoDoc1WobTLwYqC,1595333649942,90,90,90
NWdnyYM1Qte1CNWYWjmgJpSGDWTjpH1q,1595333706026,1078,1078,1078
9ea37f9c-a831-4dbf-b2cc-b5b04f26f0da,1595333708099,85,85,89
SMFzbDiWjcc8zXMeVQoDoc1WobTLwYqC,1595333710199,90,90,90
NWdnyYM1Qte1CNWYWjmgJpSGDWTjpH1q,1595333768222,1078,1078,1078
9ea37f9c-a831-4dbf-b2cc-b5b04f26f0da,1595333770344,83,85,85
SMFzbDiWjcc8zXMeVQoDoc1WobTLwYqC,1595333772364,90,90,90
NWdnyYM1Qte1CNWYWjmgJpSGDWTjpH1q,1595333825875,1078,1078,1078
9ea37f9c-a831-4dbf-b2cc-b5b04f26f0da,1595333827923,85,89,89
SMFzbDiWjcc8zXMeVQoDoc1WobTLwYqC,1595333829959,90,90,90
NWdnyYM1Qte1CNWYWjmgJpSGDWTjpH1q,1595333885965,1078,1078,1092
9ea37f9c-a831-4dbf-b2cc-b5b04f26f0da,1595333888025,85,89,89
SMFzbDiWjcc8zXMeVQoDoc1WobTLwYqC,1595333890044,90,90,90
NWdnyYM1Qte1CNWYWjmgJpSGDWTjpH1q,1595333946191,1078,1092,1092
9ea37f9c-a831-4dbf-b2cc-b5b04f26f0da,1595333948213,80,85,89
SMFzbDiWjcc8zXMeVQoDoc1WobTLwYqC,1595333950188,90,90,90
NWdnyYM1Qte1CNWYWjmgJpSGDWTjpH1q,1595334005789,1078,1078,1092
9ea37f9c-a831-4dbf-b2cc-b5b04f26f0da,1595334007753,80,80,85
SMFzbDiWjcc8zXMeVQoDoc1WobTLwYqC,1595334009785,90,90,90
NWdnyYM1Qte1CNWYWjmgJpSGDWTjpH1q,1595334066645,1078,1078,1092
9ea37f9c-a831-4dbf-b2cc-b5b04f26f0da,1595334068667,80,82,85
SMFzbDiWjcc8zXMeVQoDoc1WobTLwYqC,1595334070569,90,90,90
NWdnyYM1Qte1CNWYWjmgJpSGDWTjpH1q,1595334126296,1050,1078,1078
9ea37f9c-a831-4dbf-b2cc-b5b04f26f0da,1595334128314,80,82,85
SMFzbDiWjcc8zXMeVQoDoc1WobTLwYqC,1595334130262,90,90,90
NWdnyYM1Qte1CNWYWjmgJpSGDWTjpH1q,1595334186013,1078,1078,1078
9ea37f9c-a831-4dbf-b2cc-b5b04f26f0da,1595334188074,82,85,89
SMFzbDiWjcc8zXMeVQoDoc1WobTLwYqC,1595334190028,90,90,90
NWdnyYM1Qte1CNWYWjmgJpSGDWTjpH1q,1595334246032,1078,1078,1078
9ea37f9c-a831-4dbf-b2cc-b5b04f26f0da,1595334248025,82,83,85
SMFzbDiWjcc8zXMeVQoDoc1WobTLwYqC,1595334250062,90,90,90
NWdnyYM1Qte1CNWYWjmgJpSGDWTjpH1q,1595334305789,1078,1092,1092
9ea37f9c-a831-4dbf-b2cc-b5b04f26f0da,1595334307840,82,85,89
SMFzbDiWjcc8zXMeVQoDoc1WobTLwYqC,1595334309730,80,90,90
NWdnyYM1Qte1CNWYWjmgJpSGDWTjpH1q,1595334365932,1078,1092,1092
9ea37f9c-a831-4dbf-b2cc-b5b04f26f0da,1595334367906,82,89,89
SMFzbDiWjcc8zXMeVQoDoc1WobTLwYqC,1595334369809,80,90,90
NWdnyYM1Qte1CNWYWjmgJpSGDWTjpH1q,1595334425724,1078,1092,1092
9ea37f9c-a831-4dbf-b2cc-b5b04f26f0da,1595334427689,82,89,89
SMFzbDiWjcc8zXMeVQoDoc1WobTLwYqC,1595334429587,80,90,90
NWdnyYM1Qte1CNWYWjmgJpSGDWTjpH1q,1595334485676,1078,1092,1092
9ea37f9c-a831-4dbf-b2cc-b5b04f26f0da,1595334487677,80,82,89
SMFzbDiWjcc8zXMeVQoDoc1WobTLwYqC,1595334489656,80,90,90
NWdnyYM1Qte1CNWYWjmgJpSGDWTjpH1q,1595334546368,1078,1092,1092
9ea37f9c-a831-4dbf-b2cc-b5b04f26f0da,1595334548328,80,89,90
SMFzbDiWjcc8zXMeVQoDoc1WobTLwYqC,1595334550284,80,90,90
NWdnyYM1Qte1CNWYWjmgJpSGDWTjpH1q,1595334605624,1078,1092,1092
9ea37f9c-a831-4dbf-b2cc-b5b04f26f0da,1595334607711,80,89,90
SMFzbDiWjcc8zXMeVQoDoc1WobTLwYqC,1595334609751,80,90,90
NWdnyYM1Qte1CNWYWjmgJpSGDWTjpH1q,1595334665600,1078,1092,1092
9ea37f9c-a831-4dbf-b2cc-b5b04f26f0da,1595334667612,70,80,89
SMFzbDiWjcc8zXMeVQoDoc1WobTLwYqC,1595334669613,80,90,90
NWdnyYM1Qte1CNWYWjmgJpSGDWTjpH1q,1595334725869,1078,1092,1092
9ea37f9c-a831-4dbf-b2cc-b5b04f26f0da,1595334727926,70,80,89
SMFzbDiWjcc8zXMeVQoDoc1WobTLwYqC,1595334729937,80,90,90
NWdnyYM1Qte1CNWYWjmgJpSGDWTjpH1q,1595334785813,1078,1078,1092
9ea37f9c-a831-4dbf-b2cc-b5b04f26f0da,1595334787915,70,80,89
SMFzbDiWjcc8zXMeVQoDoc1WobTLwYqC,1595334789941,80,90,90
NWdnyYM1Qte1CNWYWjmgJpSGDWTjpH1q,1595334846017,1078,1078,1092
9ea37f9c-a831-4dbf-b2cc-b5b04f26f0da,1595334848047,80,89,90
SMFzbDiWjcc8zXMeVQoDoc1WobTLwYqC,1595334850057,80,90,90
NWdnyYM1Qte1CNWYWjmgJpSGDWTjpH1q,1595334905886,1078,1078,1092
9ea37f9c-a831-4dbf-b2cc-b5b04f26f0da,1595334907910,80,89,90
SMFzbDiWjcc8zXMeVQoDoc1WobTLwYqC,1595334909878,80,90,90
NWdnyYM1Qte1CNWYWjmgJpSGDWTjpH1q,1595334965632,1078,1092,1092
9ea37f9c-a831-4dbf-b2cc-b5b04f26f0da,1595334967655,79,80,89
SMFzbDiWjcc8zXMeVQoDoc1WobTLwYqC,1595334969597,80,90,90
NWdnyYM1Qte1CNWYWjmgJpSGDWTjpH1q,1595335025821,1074.15,1088.1,1088.1
9ea37f9c-a831-4dbf-b2cc-b5b04f26f0da,1595335027806,89,90,90
SMFzbDiWjcc8zXMeVQoDoc1WobTLwYqC,1595335029702,90,90,90
NWdnyYM1Qte1CNWYWjmgJpSGDWTjpH1q,1595335086466,1074.15,1088.1,1088.1
9ea37f9c-a831-4dbf-b2cc-b5b04f26f0da,1595335088461,89,90,90
SMFzbDiWjcc8zXMeVQoDoc1WobTLwYqC,1595335090384,90,90,90
NWdnyYM1Qte1CNWYWjmgJpSGDWTjpH1q,1595335145877,1074.15,1088.1,1088.1
9ea37f9c-a831-4dbf-b2cc-b5b04f26f0da,1595335147864,85,89,90
SMFzbDiWjcc8zXMeVQoDoc1WobTLwYqC,1595335149749,90,90,90
NWdnyYM1Qte1CNWYWjmgJpSGDWTjpH1q,1595335205578,1074.15,1088.1,1088.1
9ea37f9c-a831-4dbf-b2cc-b5b04f26f0da,1595335207526,85,89,90
SMFzbDiWjcc8zXMeVQoDoc1WobTLwYqC,1595335209438,90,90,90
NWdnyYM1Qte1CNWYWjmgJpSGDWTjpH1q,1595335265824,1074.15,1088.1,1088.1
9ea37f9c-a831-4dbf-b2cc-b5b04f26f0da,1595335268269,85,89,90
SMFzbDiWjcc8zXMeVQoDoc1WobTLwYqC,1595335270706,90,90,90
NWdnyYM1Qte1CNWYWjmgJpSGDWTjpH1q,1595335325807,1074.15,1088.1,1088.1
9ea37f9c-a831-4dbf-b2cc-b5b04f26f0da,1595335327831,88,89,90
SMFzbDiWjcc8zXMeVQoDoc1WobTLwYqC,1595335329804,90,90,90
NWdnyYM1Qte1CNWYWjmgJpSGDWTjpH1q,1595335387985,1088.1,1088.1,1088.1
9ea37f9c-a831-4dbf-b2cc-b5b04f26f0da,1595335390049,85,88,89
SMFzbDiWjcc8zXMeVQoDoc1WobTLwYqC,1595335391997,89,90,90
NWdnyYM1Qte1CNWYWjmgJpSGDWTjpH1q,1595335445764,1088.1,1088.1,1088.1
9ea37f9c-a831-4dbf-b2cc-b5b04f26f0da,1595335447793,85,88,89
SMFzbDiWjcc8zXMeVQoDoc1WobTLwYqC,1595335449727,89,90,90
NWdnyYM1Qte1CNWYWjmgJpSGDWTjpH1q,1595335506263,1088.1,1088.1,1088.1
9ea37f9c-a831-4dbf-b2cc-b5b04f26f0da,1595335508248,85,88,89
SMFzbDiWjcc8zXMeVQoDoc1WobTLwYqC,1595335510182,89,90,90
NWdnyYM1Qte1CNWYWjmgJpSGDWTjpH1q,1595335566467,1088.1,1088.1,1088.1
9ea37f9c-a831-4dbf-b2cc-b5b04f26f0da,1595335568472,85,88,89
SMFzbDiWjcc8zXMeVQoDoc1WobTLwYqC,1595335570413,89,90,90
NWdnyYM1Qte1CNWYWjmgJpSGDWTjpH1q,1595335625671,1088.1,1088.1,1088.1
9ea37f9c-a831-4dbf-b2cc-b5b04f26f0da,1595335627772,85,88,89
SMFzbDiWjcc8zXMeVQoDoc1WobTLwYqC,1595335629761,89,90,90
NWdnyYM1Qte1CNWYWjmgJpSGDWTjpH1q,1595335685659,1088.1,1088.1,1088.1
9ea37f9c-a831-4dbf-b2cc-b5b04f26f0da,1595335687618,89,90,90
SMFzbDiWjcc8zXMeVQoDoc1WobTLwYqC,1595335690006,89,90,90
NWdnyYM1Qte1CNWYWjmgJpSGDWTjpH1q,1595335745807,1046.25,1088.1,1088.1
9ea37f9c-a831-4dbf-b2cc-b5b04f26f0da,1595335747804,89,90,90
SMFzbDiWjcc8zXMeVQoDoc1WobTLwYqC,1595335749795,89,90,90
NWdnyYM1Qte1CNWYWjmgJpSGDWTjpH1q,1595335805735,1046.25,1088.1,1088.1
9ea37f9c-a831-4dbf-b2cc-b5b04f26f0da,1595335807750,89,90,90
SMFzbDiWjcc8zXMeVQoDoc1WobTLwYqC,1595335809730,89,90,90
NWdnyYM1Qte1CNWYWjmgJpSGDWTjpH1q,1595335865894,1046.25,1088.1,1088.1
9ea37f9c-a831-4dbf-b2cc-b5b04f26f0da,1595335867926,89,90,90
SMFzbDiWjcc8zXMeVQoDoc1WobTLwYqC,1595335869914,89,90,90
NWdnyYM1Qte1CNWYWjmgJpSGDWTjpH1q,1595335925647,1088.1,1088.1,1088.1
9ea37f9c-a831-4dbf-b2cc-b5b04f26f0da,1595335927543,89,90,90
SMFzbDiWjcc8zXMeVQoDoc1WobTLwYqC,1595335929589,89,90,90
NWdnyYM1Qte1CNWYWjmgJpSGDWTjpH1q,1595335985869,8,1088.1,1088.1
9ea37f9c-a831-4dbf-b2cc-b5b04f26f0da,1595335987876,89,90,90
SMFzbDiWjcc8zXMeVQoDoc1WobTLwYqC,1595335989852,89,90,90
NWdnyYM1Qte1CNWYWjmgJpSGDWTjpH1q,1595336046014,1088.1,1088.1,1102.05
9ea37f9c-a831-4dbf-b2cc-b5b04f26f0da,1595336047991,89,90,90
SMFzbDiWjcc8zXMeVQoDoc1WobTLwYqC,1595336049888,89,90,90
NWdnyYM1Qte1CNWYWjmgJpSGDWTjpH1q,1595336105665,1088.1,1088.1,1102.05
9ea37f9c-a831-4dbf-b2cc-b5b04f26f0da,1595336107625,89,90,90
SMFzbDiWjcc8zXMeVQoDoc1WobTLwYqC,1595336109585,89,90,90
NWdnyYM1Qte1CNWYWjmgJpSGDWTjpH1q,1595336166435,1088.1,1088.1,1102.05
9ea37f9c-a831-4dbf-b2cc-b5b04f26f0da,1595336168453,89,90,90
SMFzbDiWjcc8zXMeVQoDoc1WobTLwYqC,1595336170622,89,90,90
NWdnyYM1Qte1CNWYWjmgJpSGDWTjpH1q,1595336225849,8,1088.1,1088.1
9ea37f9c-a831-4dbf-b2cc-b5b04f26f0da,1595336227812,89,90,90
SMFzbDiWjcc8zXMeVQoDoc1WobTLwYqC,1595336229715,90,90,90
NWdnyYM1Qte1CNWYWjmgJpSGDWTjpH1q,1595336286020,8,1088.1,1088.1
9ea37f9c-a831-4dbf-b2cc-b5b04f26f0da,1595336288020,89,90,90
SMFzbDiWjcc8zXMeVQoDoc1WobTLwYqC,1595336290020,90,90,90
NWdnyYM1Qte1CNWYWjmgJpSGDWTjpH1q,1595336345708,8,1088.1,1088.1
9ea37f9c-a831-4dbf-b2cc-b5b04f26f0da,1595336347702,89,90,90
SMFzbDiWjcc8zXMeVQoDoc1WobTLwYqC,1595336349623,90,90,90
NWdnyYM1Qte1CNWYWjmgJpSGDWTjpH1q,1595336405663,1088.1,1088.1,1102.05
9ea37f9c-a831-4dbf-b2cc-b5b04f26f0da,1595336407606,89,90,90
SMFzbDiWjcc8zXMeVQoDoc1WobTLwYqC,1595336409486,90,90,90
NWdnyYM1Qte1CNWYWjmgJpSGDWTjpH1q,1595336466118,1088.1,1088.1,1102.05
9ea37f9c-a831-4dbf-b2cc-b5b04f26f0da,1595336468111,89,90,90
SMFzbDiWjcc8zXMeVQoDoc1WobTLwYqC,1595336470089,90,90,90
NWdnyYM1Qte1CNWYWjmgJpSGDWTjpH1q,1595336525922,1074.15,1088.1,1088.1
9ea37f9c-a831-4dbf-b2cc-b5b04f26f0da,1595336527953,89,90,90
SMFzbDiWjcc8zXMeVQoDoc1WobTLwYqC,1595336529942,90,90,90
NWdnyYM1Qte1CNWYWjmgJpSGDWTjpH1q,1595336585811,1074.15,1088.1,1088.1
9ea37f9c-a831-4dbf-b2cc-b5b04f26f0da,1595336587883,89,90,90
SMFzbDiWjcc8zXMeVQoDoc1WobTLwYqC,1595336589836,90,90,90
NWdnyYM1Qte1CNWYWjmgJpSGDWTjpH1q,1595336646235,1074.15,1088.1,1088.1
9ea37f9c-a831-4dbf-b2cc-b5b04f26f0da,1595336648675,89,90,90
SMFzbDiWjcc8zXMeVQoDoc1WobTLwYqC,1595336650750,90,90,90
NWdnyYM1Qte1CNWYWjmgJpSGDWTjpH1q,1595336705925,1074.15,1088.1,1088.1
9ea37f9c-a831-4dbf-b2cc-b5b04f26f0da,1595336708445,89,90,90
SMFzbDiWjcc8zXMeVQoDoc1WobTLwYqC,1595336710824,90,90,90
NWdnyYM1Qte1CNWYWjmgJpSGDWTjpH1q,1595336766312,1074.15,1074.15,1088.1
9ea37f9c-a831-4dbf-b2cc-b5b04f26f0da,1595336768359,89,90,90
SMFzbDiWjcc8zXMeVQoDoc1WobTLwYqC,1595336770403,90,90,90
NWdnyYM1Qte1CNWYWjmgJpSGDWTjpH1q,1595336826048,1074.15,1088.1,1088.1
9ea37f9c-a831-4dbf-b2cc-b5b04f26f0da,1595336828087,89,90,90
SMFzbDiWjcc8zXMeVQoDoc1WobTLwYqC,1595336830002,90,90,90
NWdnyYM1Qte1CNWYWjmgJpSGDWTjpH1q,1595336886165,1074.15,1088.1,1088.1
9ea37f9c-a831-4dbf-b2cc-b5b04f26f0da,1595336888240,85,89,90
SMFzbDiWjcc8zXMeVQoDoc1WobTLwYqC,1595336890291,90,90,90
NWdnyYM1Qte1CNWYWjmgJpSGDWTjpH1q,1595336945845,1074.15,1088.1,1088.1
9ea37f9c-a831-4dbf-b2cc-b5b04f26f0da,1595336947768,85,89,90
SMFzbDiWjcc8zXMeVQoDoc1WobTLwYqC,1595336950246,90,90,90
NWdnyYM1Qte1CNWYWjmgJpSGDWTjpH1q,1595337006463,1074.15,1088.1,1088.1
9ea37f9c-a831-4dbf-b2cc-b5b04f26f0da,1595337008370,80,85,89
SMFzbDiWjcc8zXMeVQoDoc1WobTLwYqC,1595337010397,85,90,90
NWdnyYM1Qte1CNWYWjmgJpSGDWTjpH1q,1595337065876,1074.15,1088.1,1088.1
9ea37f9c-a831-4dbf-b2cc-b5b04f26f0da,1595337067940,80,85,89
SMFzbDiWjcc8zXMeVQoDoc1WobTLwYqC,1595337069894,85,90,90
NWdnyYM1Qte1CNWYWjmgJpSGDWTjpH1q,1595337125995,1074.15,1088.1,1088.1
9ea37f9c-a831-4dbf-b2cc-b5b04f26f0da,1595337128088,80,80,81
SMFzbDiWjcc8zXMeVQoDoc1WobTLwYqC,1595337130114,85,90,90
NWdnyYM1Qte1CNWYWjmgJpSGDWTjpH1q,1595337185721,1074.15,1088.1,1088.1
9ea37f9c-a831-4dbf-b2cc-b5b04f26f0da,1595337187798,80,80,81
SMFzbDiWjcc8zXMeVQoDoc1WobTLwYqC,1595337189800,85,90,90
NWdnyYM1Qte1CNWYWjmgJpSGDWTjpH1q,1595337245846,1046.25,1074.15,1088.1
9ea37f9c-a831-4dbf-b2cc-b5b04f26f0da,1595337247860,80,81,85
SMFzbDiWjcc8zXMeVQoDoc1WobTLwYqC,1595337249787,85,90,90
NWdnyYM1Qte1CNWYWjmgJpSGDWTjpH1q,1595337306631,1074.15,1088.1,1088.1
9ea37f9c-a831-4dbf-b2cc-b5b04f26f0da,1595337308752,80,81,85
SMFzbDiWjcc8zXMeVQoDoc1WobTLwYqC,1595337311248,85,90,90
NWdnyYM1Qte1CNWYWjmgJpSGDWTjpH1q,1595337366529,1074.15,1074.15,1088.1
9ea37f9c-a831-4dbf-b2cc-b5b04f26f0da,1595337368586,80,81,85
SMFzbDiWjcc8zXMeVQoDoc1WobTLwYqC,1595337370577,85,90,90
NWdnyYM1Qte1CNWYWjmgJpSGDWTjpH1q,1595337425702,1074.15,1074.15,1088.1
9ea37f9c-a831-4dbf-b2cc-b5b04f26f0da,1595337427686,80,81,85
SMFzbDiWjcc8zXMeVQoDoc1WobTLwYqC,1595337430075,85,90,90
NWdnyYM1Qte1CNWYWjmgJpSGDWTjpH1q,1595337485784,1074.15,1074.15,1088.1
9ea37f9c-a831-4dbf-b2cc-b5b04f26f0da,1595337488258,80,81,85
SMFzbDiWjcc8zXMeVQoDoc1WobTLwYqC,1595337490733,85,90,90
NWdnyYM1Qte1CNWYWjmgJpSGDWTjpH1q,1595337545936,1074.15,1074.15,1088.1
9ea37f9c-a831-4dbf-b2cc-b5b04f26f0da,1595337548031,80,81,85
SMFzbDiWjcc8zXMeVQoDoc1WobTLwYqC,1595337550050,90,90,90
NWdnyYM1Qte1CNWYWjmgJpSGDWTjpH1q,1595337605792,1074.15,1074.15,1088.1
9ea37f9c-a831-4dbf-b2cc-b5b04f26f0da,1595337607844,70,80,85
SMFzbDiWjcc8zXMeVQoDoc1WobTLwYqC,1595337609845,90,90,90
NWdnyYM1Qte1CNWYWjmgJpSGDWTjpH1q,1595337665854,1074.15,1074.15,1088.1
9ea37f9c-a831-4dbf-b2cc-b5b04f26f0da,1595337667916,75,85,85
SMFzbDiWjcc8zXMeVQoDoc1WobTLwYqC,1595337669902,90,90,90
NWdnyYM1Qte1CNWYWjmgJpSGDWTjpH1q,1595337726045,1074.15,1074.15,1088.1
9ea37f9c-a831-4dbf-b2cc-b5b04f26f0da,1595337728183,75,85,85
SMFzbDiWjcc8zXMeVQoDoc1WobTLwYqC,1595337730205,90,90,90
NWdnyYM1Qte1CNWYWjmgJpSGDWTjpH1q,1595337785947,1074.15,1074.15,1088.1
9ea37f9c-a831-4dbf-b2cc-b5b04f26f0da,1595337788027,85,85,85
SMFzbDiWjcc8zXMeVQoDoc1WobTLwYqC,1595337789987,90,90,90
NWdnyYM1Qte1CNWYWjmgJpSGDWTjpH1q,1595337846299,1074.15,1088.1,1088.1
9ea37f9c-a831-4dbf-b2cc-b5b04f26f0da,1595337848294,80,85,85
SMFzbDiWjcc8zXMeVQoDoc1WobTLwYqC,1595337850364,90,90,90
NWdnyYM1Qte1CNWYWjmgJpSGDWTjpH1q,1595337906300,1074.15,1088.1,1088.1
9ea37f9c-a831-4dbf-b2cc-b5b04f26f0da,1595337908311,80,85,85
SMFzbDiWjcc8zXMeVQoDoc1WobTLwYqC,1595337910243,90,90,90
NWdnyYM1Qte1CNWYWjmgJpSGDWTjpH1q,1595337965877,1088.1,1088.1,1088.1
9ea37f9c-a831-4dbf-b2cc-b5b04f26f0da,1595337967914,80,85,85
SMFzbDiWjcc8zXMeVQoDoc1WobTLwYqC,1595337969931,90,90,90
NWdnyYM1Qte1CNWYWjmgJpSGDWTjpH1q,1595338025836,1088.1,1088.1,1088.1
9ea37f9c-a831-4dbf-b2cc-b5b04f26f0da,1595338028043,85,85,85
SMFzbDiWjcc8zXMeVQoDoc1WobTLwYqC,1595338030140,90,90,95
NWdnyYM1Qte1CNWYWjmgJpSGDWTjpH1q,1595338085862,1088.1,1088.1,1088.1
9ea37f9c-a831-4dbf-b2cc-b5b04f26f0da,1595338087916,85,85,85
SMFzbDiWjcc8zXMeVQoDoc1WobTLwYqC,1595338089942,90,90,95
NWdnyYM1Qte1CNWYWjmgJpSGDWTjpH1q,1595338145820,1088.1,1088.1,1088.1
9ea37f9c-a831-4dbf-b2cc-b5b04f26f0da,1595338147853,85,85,85
SMFzbDiWjcc8zXMeVQoDoc1WobTLwYqC,1595338149871,90,90,95
NWdnyYM1Qte1CNWYWjmgJpSGDWTjpH1q,1595338206050,1088.1,1088.1,1088.1
9ea37f9c-a831-4dbf-b2cc-b5b04f26f0da,1595338208201,85,85,85
SMFzbDiWjcc8zXMeVQoDoc1WobTLwYqC,1595338210186,90,90,95
NWdnyYM1Qte1CNWYWjmgJpSGDWTjpH1q,1595338266573,1088.1,1088.1,1088.1
9ea37f9c-a831-4dbf-b2cc-b5b04f26f0da,1595338269111,80,85,85
SMFzbDiWjcc8zXMeVQoDoc1WobTLwYqC,1595338271049,90,90,95
NWdnyYM1Qte1CNWYWjmgJpSGDWTjpH1q,1595338325920,1088.1,1088.1,1088.1
9ea37f9c-a831-4dbf-b2cc-b5b04f26f0da,1595338327958,85,85,88
SMFzbDiWjcc8zXMeVQoDoc1WobTLwYqC,1595338329955,90,90,95
NWdnyYM1Qte1CNWYWjmgJpSGDWTjpH1q,1595338386276,1088.1,1088.1,1088.1
9ea37f9c-a831-4dbf-b2cc-b5b04f26f0da,1595338388324,75,85,85
SMFzbDiWjcc8zXMeVQoDoc1WobTLwYqC,1595338390357,90,95,95
NWdnyYM1Qte1CNWYWjmgJpSGDWTjpH1q,1595338445837,1088.1,1088.1,1088.1
9ea37f9c-a831-4dbf-b2cc-b5b04f26f0da,1595338447961,75,85,85
SMFzbDiWjcc8zXMeVQoDoc1WobTLwYqC,1595338450039,90,95,95
NWdnyYM1Qte1CNWYWjmgJpSGDWTjpH1q,1595338506362,1088.1,1088.1,1088.1
9ea37f9c-a831-4dbf-b2cc-b5b04f26f0da,1595338508383,85,85,88
SMFzbDiWjcc8zXMeVQoDoc1WobTLwYqC,1595338510385,90,95,95
NWdnyYM1Qte1CNWYWjmgJpSGDWTjpH1q,1595338565838,1088.1,1088.1,1088.1
9ea37f9c-a831-4dbf-b2cc-b5b04f26f0da,1595338567833,85,85,88
SMFzbDiWjcc8zXMeVQoDoc1WobTLwYqC,1595338569816,90,95,95
NWdnyYM1Qte1CNWYWjmgJpSGDWTjpH1q,1595338626106,1091.22,1091.22,1091.22
9ea37f9c-a831-4dbf-b2cc-b5b04f26f0da,1595338628099,80,85,85
SMFzbDiWjcc8zXMeVQoDoc1WobTLwYqC,1595338630006,90,95,95
NWdnyYM1Qte1CNWYWjmgJpSGDWTjpH1q,1595338685644,1088.1,1088.1,1088.1
9ea37f9c-a831-4dbf-b2cc-b5b04f26f0da,1595338687610,80,85,85
SMFzbDiWjcc8zXMeVQoDoc1WobTLwYqC,1595338689579,90,90,95
NWdnyYM1Qte1CNWYWjmgJpSGDWTjpH1q,1595338746502,1091.22,1091.22,1091.22
9ea37f9c-a831-4dbf-b2cc-b5b04f26f0da,1595338748553,80,85,85
SMFzbDiWjcc8zXMeVQoDoc1WobTLwYqC,1595338750499,90,90,95
NWdnyYM1Qte1CNWYWjmgJpSGDWTjpH1q,1595338806216,1091.22,1091.22,1091.22
9ea37f9c-a831-4dbf-b2cc-b5b04f26f0da,1595338808234,80,85,85
SMFzbDiWjcc8zXMeVQoDoc1WobTLwYqC,1595338810233,90,90,95
NWdnyYM1Qte1CNWYWjmgJpSGDWTjpH1q,1595338866218,1091.22,1091.22,1091.22
9ea37f9c-a831-4dbf-b2cc-b5b04f26f0da,1595338868377,80,85,85
SMFzbDiWjcc8zXMeVQoDoc1WobTLwYqC,1595338870364,90,90,95
NWdnyYM1Qte1CNWYWjmgJpSGDWTjpH1q,1595338927031,1091.22,1091.22,1091.22
9ea37f9c-a831-4dbf-b2cc-b5b04f26f0da,1595338929457,80,80,85
SMFzbDiWjcc8zXMeVQoDoc1WobTLwYqC,1595338931509,90,90,95
NWdnyYM1Qte1CNWYWjmgJpSGDWTjpH1q,1595338985906,1091.22,1091.22,1091.22
9ea37f9c-a831-4dbf-b2cc-b5b04f26f0da,1595338987933,80,80,85
SMFzbDiWjcc8zXMeVQoDoc1WobTLwYqC,1595338989884,90,90,95
NWdnyYM1Qte1CNWYWjmgJpSGDWTjpH1q,1595339045969,1091.22,1091.22,1091.22
9ea37f9c-a831-4dbf-b2cc-b5b04f26f0da,1595339048029,80,80,80
SMFzbDiWjcc8zXMeVQoDoc1WobTLwYqC,1595339050009,90,90,95
NWdnyYM1Qte1CNWYWjmgJpSGDWTjpH1q,1595339106308,1091.22,1091.22,1091.22
9ea37f9c-a831-4dbf-b2cc-b5b04f26f0da,1595339108338,80,80,80
SMFzbDiWjcc8zXMeVQoDoc1WobTLwYqC,1595339110282,90,90,95
NWdnyYM1Qte1CNWYWjmgJpSGDWTjpH1q,1595339165673,1091.22,1091.22,1091.22
9ea37f9c-a831-4dbf-b2cc-b5b04f26f0da,1595339167990,80,80,80
SMFzbDiWjcc8zXMeVQoDoc1WobTLwYqC,1595339169974,90,90,90
NWdnyYM1Qte1CNWYWjmgJpSGDWTjpH1q,1595339226180,1077.23,1091.22,1091.22
9ea37f9c-a831-4dbf-b2cc-b5b04f26f0da,1595339228191,70,80,80
SMFzbDiWjcc8zXMeVQoDoc1WobTLwYqC,1595339230238,90,90,90
NWdnyYM1Qte1CNWYWjmgJpSGDWTjpH1q,1595339286069,1049.25,1077.23,1077.23
9ea37f9c-a831-4dbf-b2cc-b5b04f26f0da,1595339288115,70,80,80
SMFzbDiWjcc8zXMeVQoDoc1WobTLwYqC,1595339290092,90,90,90
NWdnyYM1Qte1CNWYWjmgJpSGDWTjpH1q,1595339346316,1049.25,1077.23,1077.23
9ea37f9c-a831-4dbf-b2cc-b5b04f26f0da,1595339348770,70,80,80
SMFzbDiWjcc8zXMeVQoDoc1WobTLwYqC,1595339350720,90,90,95
NWdnyYM1Qte1CNWYWjmgJpSGDWTjpH1q,1595339405954,1049.25,1077.23,1091.22
9ea37f9c-a831-4dbf-b2cc-b5b04f26f0da,1595339408063,70,80,80
SMFzbDiWjcc8zXMeVQoDoc1WobTLwYqC,1595339410137,90,90,95
NWdnyYM1Qte1CNWYWjmgJpSGDWTjpH1q,1595339465931,1049.25,1077.23,1091.22
9ea37f9c-a831-4dbf-b2cc-b5b04f26f0da,1595339467994,70,80,80
SMFzbDiWjcc8zXMeVQoDoc1WobTLwYqC,1595339469942,90,90,95
NWdnyYM1Qte1CNWYWjmgJpSGDWTjpH1q,1595339525883,1077.23,1091.22,1091.22
9ea37f9c-a831-4dbf-b2cc-b5b04f26f0da,1595339527990,70,80,80
SMFzbDiWjcc8zXMeVQoDoc1WobTLwYqC,1595339529962,90,90,95
NWdnyYM1Qte1CNWYWjmgJpSGDWTjpH1q,1595339585872,1091.22,1091.22,1091.22
9ea37f9c-a831-4dbf-b2cc-b5b04f26f0da,1595339587909,80,80,80
SMFzbDiWjcc8zXMeVQoDoc1WobTLwYqC,1595339589922,90,90,95
NWdnyYM1Qte1CNWYWjmgJpSGDWTjpH1q,1595339645886,1091.22,1091.22,1091.22
9ea37f9c-a831-4dbf-b2cc-b5b04f26f0da,1595339647793,80,80,85
SMFzbDiWjcc8zXMeVQoDoc1WobTLwYqC,1595339649871,90,90,95
NWdnyYM1Qte1CNWYWjmgJpSGDWTjpH1q,1595339705761,1091.22,1091.22,1091.22
9ea37f9c-a831-4dbf-b2cc-b5b04f26f0da,1595339707815,80,80,80
SMFzbDiWjcc8zXMeVQoDoc1WobTLwYqC,1595339709826,90,90,95
NWdnyYM1Qte1CNWYWjmgJpSGDWTjpH1q,1595339765948,1091.22,1091.22,1091.22
9ea37f9c-a831-4dbf-b2cc-b5b04f26f0da,1595339768092,80,80,80
SMFzbDiWjcc8zXMeVQoDoc1WobTLwYqC,1595339770063,90,90,95
NWdnyYM1Qte1CNWYWjmgJpSGDWTjpH1q,1595339825744,1077.23,1091.22,1091.22
9ea37f9c-a831-4dbf-b2cc-b5b04f26f0da,1595339827825,80,80,85
SMFzbDiWjcc8zXMeVQoDoc1WobTLwYqC,1595339829856,90,90,95
NWdnyYM1Qte1CNWYWjmgJpSGDWTjpH1q,1595339886028,7.5,1077.23,1091.22
9ea37f9c-a831-4dbf-b2cc-b5b04f26f0da,1595339888160,80,80,85
SMFzbDiWjcc8zXMeVQoDoc1WobTLwYqC,1595339890146,90,90,95
NWdnyYM1Qte1CNWYWjmgJpSGDWTjpH1q,1595339946599,7.5,1077.23,1091.22
9ea37f9c-a831-4dbf-b2cc-b5b04f26f0da,1595339948694,80,85,85
SMFzbDiWjcc8zXMeVQoDoc1WobTLwYqC,1595339950693,90,90,95
NWdnyYM1Qte1CNWYWjmgJpSGDWTjpH1q,1595340005945,7.5,1077.23,1091.22
9ea37f9c-a831-4dbf-b2cc-b5b04f26f0da,1595340007994,85,85,85
SMFzbDiWjcc8zXMeVQoDoc1WobTLwYqC,1595340009920,90,90,95
NWdnyYM1Qte1CNWYWjmgJpSGDWTjpH1q,1595340065699,7.5,1077.23,1091.22
9ea37f9c-a831-4dbf-b2cc-b5b04f26f0da,1595340067743,85,85,85
SMFzbDiWjcc8zXMeVQoDoc1WobTLwYqC,1595340069771,90,90,95
NWdnyYM1Qte1CNWYWjmgJpSGDWTjpH1q,1595340127572,7.5,1077.23,1091.22
9ea37f9c-a831-4dbf-b2cc-b5b04f26f0da,1595340129685,80,85,85
SMFzbDiWjcc8zXMeVQoDoc1WobTLwYqC,1595340131738,90,90,95
NWdnyYM1Qte1CNWYWjmgJpSGDWTjpH1q,1595340185709,7.5,1077.23,1091.22
9ea37f9c-a831-4dbf-b2cc-b5b04f26f0da,1595340187799,84,85,85
SMFzbDiWjcc8zXMeVQoDoc1WobTLwYqC,1595340189766,90,90,95
NWdnyYM1Qte1CNWYWjmgJpSGDWTjpH1q,1595340246010,7.5,1063.24,1091.22
9ea37f9c-a831-4dbf-b2cc-b5b04f26f0da,1595340248095,84,85,85
SMFzbDiWjcc8zXMeVQoDoc1WobTLwYqC,1595340250190,90,90,95
NWdnyYM1Qte1CNWYWjmgJpSGDWTjpH1q,1595340305930,1048.5,1048.5,1090.44
9ea37f9c-a831-4dbf-b2cc-b5b04f26f0da,1595340307947,84,85,85
SMFzbDiWjcc8zXMeVQoDoc1WobTLwYqC,1595340309891,90,90,95
NWdnyYM1Qte1CNWYWjmgJpSGDWTjpH1q,1595340365827,1048.5,1090.44,1090.44
9ea37f9c-a831-4dbf-b2cc-b5b04f26f0da,1595340367941,84,85,85
SMFzbDiWjcc8zXMeVQoDoc1WobTLwYqC,1595340369784,90,90,95
NWdnyYM1Qte1CNWYWjmgJpSGDWTjpH1q,1595340425721,1090.44,1090.44,1090.44
9ea37f9c-a831-4dbf-b2cc-b5b04f26f0da,1595340427745,85,89,90
SMFzbDiWjcc8zXMeVQoDoc1WobTLwYqC,1595340429682,90,90,95
NWdnyYM1Qte1CNWYWjmgJpSGDWTjpH1q,1595340486051,1090.44,1090.44,1090.44
9ea37f9c-a831-4dbf-b2cc-b5b04f26f0da,1595340488053,80,85,89
SMFzbDiWjcc8zXMeVQoDoc1WobTLwYqC,1595340490033,90,90,95
NWdnyYM1Qte1CNWYWjmgJpSGDWTjpH1q,1595340546096,1048.5,1090.44,1090.44
9ea37f9c-a831-4dbf-b2cc-b5b04f26f0da,1595340548150,80,85,89
SMFzbDiWjcc8zXMeVQoDoc1WobTLwYqC,1595340550110,90,90,95
NWdnyYM1Qte1CNWYWjmgJpSGDWTjpH1q,1595340606077,1090.44,1090.44,1090.44
9ea37f9c-a831-4dbf-b2cc-b5b04f26f0da,1595340608076,80,85,89
SMFzbDiWjcc8zXMeVQoDoc1WobTLwYqC,1595340610211,90,90,95
NWdnyYM1Qte1CNWYWjmgJpSGDWTjpH1q,1595340665971,1090.44,1090.44,1090.44
9ea37f9c-a831-4dbf-b2cc-b5b04f26f0da,1595340668022,80,85,89
SMFzbDiWjcc8zXMeVQoDoc1WobTLwYqC,1595340669948,90,90,95
NWdnyYM1Qte1CNWYWjmgJpSGDWTjpH1q,1595340725792,1090.44,1090.44,1090.44
9ea37f9c-a831-4dbf-b2cc-b5b04f26f0da,1595340727826,75,80,85
SMFzbDiWjcc8zXMeVQoDoc1WobTLwYqC,1595340730294,90,90,95
NWdnyYM1Qte1CNWYWjmgJpSGDWTjpH1q,1595340785908,1076.46,1076.46,1090.44
9ea37f9c-a831-4dbf-b2cc-b5b04f26f0da,1595340788033,75,80,85
SMFzbDiWjcc8zXMeVQoDoc1WobTLwYqC,1595340789999,90,90,95
NWdnyYM1Qte1CNWYWjmgJpSGDWTjpH1q,1595340846404,1062.48,1076.46,1076.46
9ea37f9c-a831-4dbf-b2cc-b5b04f26f0da,1595340848423,80,85,89
SMFzbDiWjcc8zXMeVQoDoc1WobTLwYqC,1595340850456,90,90,95
NWdnyYM1Qte1CNWYWjmgJpSGDWTjpH1q,1595340905756,1062.48,1076.46,1076.46
9ea37f9c-a831-4dbf-b2cc-b5b04f26f0da,1595340907797,80,85,89
SMFzbDiWjcc8zXMeVQoDoc1WobTLwYqC,1595340909836,90,95,100
NWdnyYM1Qte1CNWYWjmgJpSGDWTjpH1q,1595340966278,1062.48,1076.46,1076.46
9ea37f9c-a831-4dbf-b2cc-b5b04f26f0da,1595340968280,85,89,90
SMFzbDiWjcc8zXMeVQoDoc1WobTLwYqC,1595340970210,90,95,100
NWdnyYM1Qte1CNWYWjmgJpSGDWTjpH1q,1595341026071,1048.5,1062.48,1076.46
9ea37f9c-a831-4dbf-b2cc-b5b04f26f0da,1595341028043,85,89,90
SMFzbDiWjcc8zXMeVQoDoc1WobTLwYqC,1595341029979,90,95,100
NWdnyYM1Qte1CNWYWjmgJpSGDWTjpH1q,1595341085895,1048.5,1062.48,1076.46
9ea37f9c-a831-4dbf-b2cc-b5b04f26f0da,1595341087844,85,90,90
SMFzbDiWjcc8zXMeVQoDoc1WobTLwYqC,1595341090281,90,95,100
NWdnyYM1Qte1CNWYWjmgJpSGDWTjpH1q,1595341145637,1062.48,1076.46,1076.46
9ea37f9c-a831-4dbf-b2cc-b5b04f26f0da,1595341147672,85,89,90
SMFzbDiWjcc8zXMeVQoDoc1WobTLwYqC,1595341149527,90,95,100
NWdnyYM1Qte1CNWYWjmgJpSGDWTjpH1q,1595341205705,1062.48,1076.46,1076.46
9ea37f9c-a831-4dbf-b2cc-b5b04f26f0da,1595341207676,85,89,90
SMFzbDiWjcc8zXMeVQoDoc1WobTLwYqC,1595341209611,90,95,100
NWdnyYM1Qte1CNWYWjmgJpSGDWTjpH1q,1595341266193,1062.48,1076.46,1076.46
9ea37f9c-a831-4dbf-b2cc-b5b04f26f0da,1595341268212,85,85,89
SMFzbDiWjcc8zXMeVQoDoc1WobTLwYqC,1595341270085,90,95,100
NWdnyYM1Qte1CNWYWjmgJpSGDWTjpH1q,1595341326274,1064,1078,1078
9ea37f9c-a831-4dbf-b2cc-b5b04f26f0da,1595341328330,85,85,89
SMFzbDiWjcc8zXMeVQoDoc1WobTLwYqC,1595341330381,90,95,100
NWdnyYM1Qte1CNWYWjmgJpSGDWTjpH1q,1595341385609,1064,1078,1078
9ea37f9c-a831-4dbf-b2cc-b5b04f26f0da,1595341387517,85,90,90
SMFzbDiWjcc8zXMeVQoDoc1WobTLwYqC,1595341389426,89,90,95
NWdnyYM1Qte1CNWYWjmgJpSGDWTjpH1q,1595341448175,1050,1064,1078
9ea37f9c-a831-4dbf-b2cc-b5b04f26f0da,1595341450155,85,90,90
SMFzbDiWjcc8zXMeVQoDoc1WobTLwYqC,1595341452204,89,90,95
NWdnyYM1Qte1CNWYWjmgJpSGDWTjpH1q,1595341505698,1050,1064,1078
9ea37f9c-a831-4dbf-b2cc-b5b04f26f0da,1595341507682,85,90,90
SMFzbDiWjcc8zXMeVQoDoc1WobTLwYqC,1595341509682,89,90,95
NWdnyYM1Qte1CNWYWjmgJpSGDWTjpH1q,1595341565487,1050,1064,1078
9ea37f9c-a831-4dbf-b2cc-b5b04f26f0da,1595341567463,85,90,90
SMFzbDiWjcc8zXMeVQoDoc1WobTLwYqC,1595341569398,89,90,95
NWdnyYM1Qte1CNWYWjmgJpSGDWTjpH1q,1595341625602,1064,1078,1078
9ea37f9c-a831-4dbf-b2cc-b5b04f26f0da,1595341627570,85,90,90
SMFzbDiWjcc8zXMeVQoDoc1WobTLwYqC,1595341629465,89,90,95
NWdnyYM1Qte1CNWYWjmgJpSGDWTjpH1q,1595341685606,1064,1078,1078
9ea37f9c-a831-4dbf-b2cc-b5b04f26f0da,1595341687568,85,90,90
SMFzbDiWjcc8zXMeVQoDoc1WobTLwYqC,1595341689513,89,90,95
NWdnyYM1Qte1CNWYWjmgJpSGDWTjpH1q,1595341746123,1078,1078,1078
9ea37f9c-a831-4dbf-b2cc-b5b04f26f0da,1595341748092,85,85,90
SMFzbDiWjcc8zXMeVQoDoc1WobTLwYqC,1595341750019,89,90,95
NWdnyYM1Qte1CNWYWjmgJpSGDWTjpH1q,1595341806055,1078,1078,1078
9ea37f9c-a831-4dbf-b2cc-b5b04f26f0da,1595341808054,85,85,90
SMFzbDiWjcc8zXMeVQoDoc1WobTLwYqC,1595341809967,89,90,95
NWdnyYM1Qte1CNWYWjmgJpSGDWTjpH1q,1595341865645,1078,1078,1078
9ea37f9c-a831-4dbf-b2cc-b5b04f26f0da,1595341867691,85,90,90
SMFzbDiWjcc8zXMeVQoDoc1WobTLwYqC,1595341869600,89,90,95
